[
{
  "model": "cloud_coverage.userhistory",
  "pk": 128,
  "fields": {
    "user_id": 550,
    "task_id": "e65a6268-37ef-451b-a664-669c7c497dc8"
  }
},
{
  "model": "cloud_coverage.userhistory",
  "pk": 129,
  "fields": {
    "user_id": 550,
    "task_id": "9d1d60d5-c9d7-4a63-b564-1e6baaf36fc8"
  }
},
{
  "model": "cloud_coverage.userhistory",
  "pk": 130,
  "fields": {
    "user_id": 550,
    "task_id": "96a90f15-d78a-4ce9-ba5f-1398ab44bc5b"
  }
},
{
  "model": "cloud_coverage.userhistory",
  "pk": 131,
  "fields": {
    "user_id": 550,
    "task_id": "6199f1a0-b47e-4d9c-9f4f-5f4e593d317a"
  }
},
{
  "model": "cloud_coverage.userhistory",
  "pk": 132,
  "fields": {
    "user_id": 550,
    "task_id": "2318c6c1-4a05-483d-b635-054c26662b6a"
  }
},
{
  "model": "cloud_coverage.userhistory",
  "pk": 133,
  "fields": {
    "user_id": 550,
    "task_id": "641dfdd1-f28c-4152-b3b5-bfd1104f4cdd"
  }
},
{
  "model": "cloud_coverage.userhistory",
  "pk": 134,
  "fields": {
    "user_id": 550,
    "task_id": "5f740d70-81cc-44c1-95d6-55e6d25fcd60"
  }
},
{
  "model": "cloud_coverage.userhistory",
  "pk": 135,
  "fields": {
    "user_id": 550,
    "task_id": "0b90121a-6cf7-46ed-b043-6913ec0d1c07"
  }
},
{
  "model": "cloud_coverage.userhistory",
  "pk": 136,
  "fields": {
    "user_id": 550,
    "task_id": "6b3ccc3d-023d-4714-ab70-7cb340ce6a9b"
  }
},
{
  "model": "cloud_coverage.userhistory",
  "pk": 137,
  "fields": {
    "user_id": 550,
    "task_id": "3c0a420e-c29f-47f1-bcd9-689cda2f9fce"
  }
},
{
  "model": "cloud_coverage.userhistory",
  "pk": 138,
  "fields": {
    "user_id": 550,
    "task_id": "e1e09431-3705-4e27-8401-5bc771595945"
  }
},
{
  "model": "cloud_coverage.userhistory",
  "pk": 139,
  "fields": {
    "user_id": 550,
    "task_id": "cbf279be-8a3a-4d88-a424-2edc419be8d6"
  }
},
{
  "model": "cloud_coverage.userhistory",
  "pk": 140,
  "fields": {
    "user_id": 550,
    "task_id": "de1da930-e709-4bea-98e6-0e8a9f281df1"
  }
},
{
  "model": "cloud_coverage.userhistory",
  "pk": 141,
  "fields": {
    "user_id": 550,
    "task_id": "5daf1891-e613-4d96-bb4d-8d9b0fd59b61"
  }
},
{
  "model": "cloud_coverage.userhistory",
  "pk": 142,
  "fields": {
    "user_id": 550,
    "task_id": "b5915daf-10a0-4846-b8f1-00ef39e6e440"
  }
},
{
  "model": "cloud_coverage.userhistory",
  "pk": 143,
  "fields": {
    "user_id": 550,
    "task_id": "4a02b041-9254-4813-a411-2d78dcd3fb48"
  }
},
{
  "model": "cloud_coverage.userhistory",
  "pk": 144,
  "fields": {
    "user_id": 550,
    "task_id": "2a2d4209-8c52-4a94-a0c4-457ec487b129"
  }
},
{
  "model": "cloud_coverage.userhistory",
  "pk": 145,
  "fields": {
    "user_id": 550,
    "task_id": "80cb5fd8-b4e7-454f-8a32-ef53ac526ab1"
  }
},
{
  "model": "cloud_coverage.userhistory",
  "pk": 146,
  "fields": {
    "user_id": 550,
    "task_id": "6a1286a0-0dc3-4c74-adc7-63b00004fb89"
  }
},
{
  "model": "cloud_coverage.userhistory",
  "pk": 147,
  "fields": {
    "user_id": 550,
    "task_id": "8a06c83f-0112-4e46-b1cd-c29e09f67fc8"
  }
},
{
  "model": "cloud_coverage.userhistory",
  "pk": 148,
  "fields": {
    "user_id": 550,
    "task_id": "b4762b99-7fbb-4a2d-89d2-656680b78c8f"
  }
},
{
  "model": "cloud_coverage.userhistory",
  "pk": 149,
  "fields": {
    "user_id": 550,
    "task_id": "a2fa72a2-ab0d-467d-a381-ea340f2bb5c8"
  }
},
{
  "model": "cloud_coverage.userhistory",
  "pk": 151,
  "fields": {
    "user_id": 550,
    "task_id": "83aee228-a6f0-4d3f-a61c-23806fb51168"
  }
},
{
  "model": "cloud_coverage.toolinfo",
  "pk": 4,
  "fields": {
    "image_path": "/static/assets/images/thumbnails/cloud_coverage_1.png",
    "image_title": "Cloud Coverage",
    "image_description": "Determine the amount of cloud coverage for a region for a period of time."
  }
},
{
  "model": "cloud_coverage.cloudcoveragetask",
  "pk": "0b90121a-6cf7-46ed-b043-6913ec0d1c07",
  "fields": {
    "title": "Cloud Coverage Query",
    "description": "None",
    "execution_start": "2019-04-02T17:29:26.402Z",
    "execution_end": "2019-04-02T17:30:29.958Z",
    "area_id": "lake_chad_full",
    "satellite": 2,
    "time_start": "2015-06-06",
    "time_end": "2016-06-06",
    "latitude_min": 12.1349,
    "latitude_max": 13.1523,
    "longitude_min": 13.6968,
    "longitude_max": 14.1783,
    "pixel_drill_task": false,
    "complete": true,
    "pixel_count": 6509436,
    "clean_pixel_count": 6507216,
    "percentage_clean_pixels": 99.9658956628501,
    "acquisition_list": "05/22/2016,05/06/2016,04/20/2016,04/04/2016,03/19/2016,03/03/2016,02/16/2016,01/31/2016,01/15/2016,12/30/2015,12/14/2015,11/28/2015,11/12/2015,10/27/2015,10/11/2015,09/25/2015,09/09/2015,08/08/2015,07/23/2015,07/07/2015,06/21/2015",
    "clean_pixels_per_acquisition": "6451620,6444555,6505675,6504498,2759726,4374010,6501968,6506044,6504722,6504835,6480454,6505762,6502888,5082304,6502298,6503869,6280213,1781070,651604,5429517,6066185",
    "clean_pixel_percentages_per_acquisition": "99.11181245195436,99.00327770332176,99.9422223369275,99.92414089331241,42.39577745291604,67.19491519695408,99.8852742388127,99.94789103080512,99.92758205165548,99.92931799314104,99.55476941473886,99.94355885824824,99.8994075677217,78.07595005158664,99.8903438024431,99.91447799778659,96.47860429075575,27.361356652097047,10.010145272186408,83.40994519340846,93.19063894322028",
    "status": "OK",
    "message": "All products have been generated. Your result will be loaded on the map.",
    "scenes_processed": 21,
    "total_scenes": 21,
    "result_path": "/datacube/ui_results/cloud_coverage/0b90121a-6cf7-46ed-b043-6913ec0d1c07/cloud_coverage.png",
    "mosaic_path": "/datacube/ui_results/cloud_coverage/0b90121a-6cf7-46ed-b043-6913ec0d1c07/mosaic.png",
    "plot_path": "/datacube/ui_results/cloud_coverage/0b90121a-6cf7-46ed-b043-6913ec0d1c07/plot_path.png",
    "data_path": "/datacube/ui_results/cloud_coverage/0b90121a-6cf7-46ed-b043-6913ec0d1c07/data_tif.tif",
    "data_netcdf_path": "/datacube/ui_results/cloud_coverage/0b90121a-6cf7-46ed-b043-6913ec0d1c07/data_netcdf.nc"
  }
},
{
  "model": "cloud_coverage.cloudcoveragetask",
  "pk": "2318c6c1-4a05-483d-b635-054c26662b6a",
  "fields": {
    "title": "Cloud Coverage Query",
    "description": "None",
    "execution_start": "2019-04-02T17:25:46.404Z",
    "execution_end": "2019-04-02T17:26:49.816Z",
    "area_id": "ghana",
    "satellite": 1,
    "time_start": "2015-06-06",
    "time_end": "2016-06-06",
    "latitude_min": 8.0248,
    "latitude_max": 9.5934,
    "longitude_min": -3.5119,
    "longitude_max": -2.9926,
    "pixel_drill_task": false,
    "complete": true,
    "pixel_count": 11226744,
    "clean_pixel_count": 7676062,
    "percentage_clean_pixels": 68.3730028938043,
    "acquisition_list": "05/20/2016,05/04/2016,04/02/2016,03/17/2016,02/14/2016,01/29/2016,01/13/2016,12/28/2015,12/12/2015,11/26/2015,11/10/2015,10/25/2015,08/06/2015",
    "clean_pixels_per_acquisition": "1083419,3317786,2989548,1148207,3438224,2169982,4740928,3891930,4693767,2231829,4350524,497446,513153",
    "clean_pixel_percentages_per_acquisition": "9.650340294568043,29.552522084764735,26.628807069975053,10.22742658067201,30.625299730714445,19.328685146824405,42.22887775832423,34.66659612083432,41.80880048569737,19.879575057558984,38.751431403441636,4.430901782386772,4.570808775901543",
    "status": "OK",
    "message": "All products have been generated. Your result will be loaded on the map.",
    "scenes_processed": 13,
    "total_scenes": 13,
    "result_path": "/datacube/ui_results/cloud_coverage/2318c6c1-4a05-483d-b635-054c26662b6a/cloud_coverage.png",
    "mosaic_path": "/datacube/ui_results/cloud_coverage/2318c6c1-4a05-483d-b635-054c26662b6a/mosaic.png",
    "plot_path": "/datacube/ui_results/cloud_coverage/2318c6c1-4a05-483d-b635-054c26662b6a/plot_path.png",
    "data_path": "/datacube/ui_results/cloud_coverage/2318c6c1-4a05-483d-b635-054c26662b6a/data_tif.tif",
    "data_netcdf_path": "/datacube/ui_results/cloud_coverage/2318c6c1-4a05-483d-b635-054c26662b6a/data_netcdf.nc"
  }
},
{
  "model": "cloud_coverage.cloudcoveragetask",
  "pk": "2a2d4209-8c52-4a94-a0c4-457ec487b129",
  "fields": {
    "title": "Cloud Coverage Query",
    "description": "None",
    "execution_start": "2019-04-02T17:33:08.080Z",
    "execution_end": "2019-04-02T17:33:14.775Z",
    "area_id": "uruguay",
    "satellite": 2,
    "time_start": "2015-06-06",
    "time_end": "2016-06-06",
    "latitude_min": -34.6535,
    "latitude_max": -34.6248,
    "longitude_min": -56.7626,
    "longitude_max": -55.8915,
    "pixel_drill_task": false,
    "complete": true,
    "pixel_count": 346038,
    "clean_pixel_count": 342006,
    "percentage_clean_pixels": 98.8348100497633,
    "acquisition_list": "06/01/2016,05/16/2016,04/30/2016,04/14/2016,03/29/2016,03/13/2016,02/10/2016,01/25/2016,01/09/2016,12/24/2015,12/08/2015,11/22/2015,11/06/2015,10/21/2015,10/05/2015,09/19/2015,09/03/2015,08/18/2015,07/17/2015,07/01/2015,06/15/2015",
    "clean_pixels_per_acquisition": "292555,182652,0,26813,113975,322118,324720,45989,217671,177970,328325,330986,231761,107333,83831,33018,38648,0,240953,107854,266279",
    "clean_pixel_percentages_per_acquisition": "84.5441830088025,52.78379831116814,0.0,7.748570966194464,32.93713407198054,93.08746438252446,93.83940492084685,13.290158884284384,62.903785133424655,51.43076771915223,94.88119801871471,95.65018870759859,66.97559227599281,31.017691698599577,24.225952063068217,9.541726631179234,11.168715574590074,0.0,69.63194793635381,31.168253197625695,76.95079731127795",
    "status": "OK",
    "message": "All products have been generated. Your result will be loaded on the map.",
    "scenes_processed": 21,
    "total_scenes": 21,
    "result_path": "/datacube/ui_results/cloud_coverage/2a2d4209-8c52-4a94-a0c4-457ec487b129/cloud_coverage.png",
    "mosaic_path": "/datacube/ui_results/cloud_coverage/2a2d4209-8c52-4a94-a0c4-457ec487b129/mosaic.png",
    "plot_path": "/datacube/ui_results/cloud_coverage/2a2d4209-8c52-4a94-a0c4-457ec487b129/plot_path.png",
    "data_path": "/datacube/ui_results/cloud_coverage/2a2d4209-8c52-4a94-a0c4-457ec487b129/data_tif.tif",
    "data_netcdf_path": "/datacube/ui_results/cloud_coverage/2a2d4209-8c52-4a94-a0c4-457ec487b129/data_netcdf.nc"
  }
},
{
  "model": "cloud_coverage.cloudcoveragetask",
  "pk": "3c0a420e-c29f-47f1-bcd9-689cda2f9fce",
  "fields": {
    "title": "Cloud Coverage Query",
    "description": "None",
    "execution_start": "2019-04-02T17:29:44.455Z",
    "execution_end": "2019-04-02T17:31:08.880Z",
    "area_id": "lake_chad_full",
    "satellite": 2,
    "time_start": "2015-06-06",
    "time_end": "2016-06-06",
    "latitude_min": 12.145,
    "latitude_max": 13.8799,
    "longitude_min": 14.2095,
    "longitude_max": 14.4659,
    "pixel_drill_task": false,
    "complete": true,
    "pixel_count": 5912676,
    "clean_pixel_count": 5912676,
    "percentage_clean_pixels": 100.0,
    "acquisition_list": "05/31/2016,05/22/2016,05/22/2016,05/15/2016,05/06/2016,05/06/2016,04/29/2016,04/20/2016,04/20/2016,04/13/2016,04/04/2016,04/04/2016,03/28/2016,03/19/2016,03/19/2016,03/12/2016,03/03/2016,03/03/2016,02/16/2016,02/16/2016,02/09/2016,01/31/2016,01/31/2016,01/24/2016,01/15/2016,01/15/2016,01/08/2016,12/30/2015,12/30/2015,12/23/2015,12/14/2015,12/14/2015,12/07/2015,11/28/2015,11/28/2015,11/21/2015,11/12/2015,11/12/2015,11/05/2015,10/27/2015,10/27/2015,10/20/2015,10/11/2015,10/11/2015,09/25/2015,09/25/2015,09/18/2015,09/09/2015,09/09/2015,09/02/2015,08/17/2015,08/08/2015,08/08/2015,08/01/2015,07/23/2015,07/23/2015,07/16/2015,07/07/2015,07/07/2015,06/30/2015,06/21/2015,06/21/2015,06/14/2015",
    "clean_pixels_per_acquisition": "0,5406682,1026147,23285,5312651,1230666,2397,5745894,1211075,0,5753032,1203152,13184,2759101,153089,25882,3385868,1178011,5761024,1194606,11115,5746686,1207256,18931,5751797,1203625,4787,5751737,1204884,18742,5707671,1181898,10689,5748840,1207021,21501,5756317,1199416,18331,5397644,1204579,15547,5617613,1198663,5705393,1132038,26032,5673096,1173395,0,0,976223,132984,11000,2478014,1140847,38931,5741139,1208310,0,5536475,1196924,33110",
    "clean_pixel_percentages_per_acquisition": "0.0,91.44221668834889,17.3550351820394,0.39381491561519694,89.85188770702132,20.814027354111744,0.04054001944297303,97.17924675730583,20.482688380016086,0.0,97.299970436398,20.348688140530616,0.22297856334424548,46.664166952493254,2.5891660561140166,0.43773749821569796,57.264561765265,19.923483038813558,97.43513766017283,20.204151216809446,0.18798594747961836,97.19264170740963,20.41809833652309,0.32017651567581246,97.27908310890027,20.35668790239817,0.08096164917543258,97.27806833995301,20.37798113747481,0.3169799934919485,96.53278819945487,19.989223153780117,0.18078108795408374,97.22907191261622,20.414123824812997,0.3636424522500472,97.3555290362604,20.285501860747992,0.31002882620322847,91.2893586592602,20.372822728659578,0.26294354705043876,95.00965383525158,20.2727665104599,96.49426080509062,19.145950158608386,0.4402744205838439,95.94802759359722,19.845413481137815,0.0,0.0,16.510679766657262,2.249133894703515,0.18604097366403977,41.910194301192895,19.294935152881706,0.658432831428612,97.0988263182356,20.435924444363263,0.0,93.63738178787405,20.243355123805195,0.5599833307287597",
    "status": "OK",
    "message": "All products have been generated. Your result will be loaded on the map.",
    "scenes_processed": 63,
    "total_scenes": 63,
    "result_path": "/datacube/ui_results/cloud_coverage/3c0a420e-c29f-47f1-bcd9-689cda2f9fce/cloud_coverage.png",
    "mosaic_path": "/datacube/ui_results/cloud_coverage/3c0a420e-c29f-47f1-bcd9-689cda2f9fce/mosaic.png",
    "plot_path": "/datacube/ui_results/cloud_coverage/3c0a420e-c29f-47f1-bcd9-689cda2f9fce/plot_path.png",
    "data_path": "/datacube/ui_results/cloud_coverage/3c0a420e-c29f-47f1-bcd9-689cda2f9fce/data_tif.tif",
    "data_netcdf_path": "/datacube/ui_results/cloud_coverage/3c0a420e-c29f-47f1-bcd9-689cda2f9fce/data_netcdf.nc"
  }
},
{
  "model": "cloud_coverage.cloudcoveragetask",
  "pk": "4a02b041-9254-4813-a411-2d78dcd3fb48",
  "fields": {
    "title": "Cloud Coverage Query",
    "description": "None",
    "execution_start": "2019-04-02T17:33:03.308Z",
    "execution_end": "2019-04-02T17:33:15.610Z",
    "area_id": "uruguay",
    "satellite": 2,
    "time_start": "2015-06-06",
    "time_end": "2016-06-06",
    "latitude_min": -34.542,
    "latitude_max": -34.3775,
    "longitude_min": -56.7582,
    "longitude_max": -55.8842,
    "pixel_drill_task": false,
    "complete": true,
    "pixel_count": 1985328,
    "clean_pixel_count": 1852090,
    "percentage_clean_pixels": 93.2888671292603,
    "acquisition_list": "06/01/2016,05/16/2016,04/30/2016,04/14/2016,03/29/2016,03/13/2016,02/10/2016,01/25/2016,01/09/2016,12/24/2015,12/08/2015,11/22/2015,11/06/2015,10/21/2015,10/05/2015,09/19/2015,09/03/2015,08/18/2015,07/17/2015,07/01/2015,06/15/2015",
    "clean_pixels_per_acquisition": "1252057,613744,1111,1192789,1335615,1579565,1753437,645526,1506197,568950,1775297,1798633,1248691,1650214,408983,87,422166,0,1364941,1717189,1817258",
    "clean_pixel_percentages_per_acquisition": "63.0654984969738,30.913984993915363,0.055960526421830546,60.080198334985454,67.27427407461136,79.56191621737064,88.31976378714248,32.514828783959125,75.86640595407913,28.657733130243464,89.42084129171603,90.59626419412812,62.895954723854196,83.12047178098531,20.600273607182288,0.004382147433572689,21.264294867145377,0.0,68.75141034630046,86.49396976217531,91.5343963314878",
    "status": "OK",
    "message": "All products have been generated. Your result will be loaded on the map.",
    "scenes_processed": 21,
    "total_scenes": 21,
    "result_path": "/datacube/ui_results/cloud_coverage/4a02b041-9254-4813-a411-2d78dcd3fb48/cloud_coverage.png",
    "mosaic_path": "/datacube/ui_results/cloud_coverage/4a02b041-9254-4813-a411-2d78dcd3fb48/mosaic.png",
    "plot_path": "/datacube/ui_results/cloud_coverage/4a02b041-9254-4813-a411-2d78dcd3fb48/plot_path.png",
    "data_path": "/datacube/ui_results/cloud_coverage/4a02b041-9254-4813-a411-2d78dcd3fb48/data_tif.tif",
    "data_netcdf_path": "/datacube/ui_results/cloud_coverage/4a02b041-9254-4813-a411-2d78dcd3fb48/data_netcdf.nc"
  }
},
{
  "model": "cloud_coverage.cloudcoveragetask",
  "pk": "5daf1891-e613-4d96-bb4d-8d9b0fd59b61",
  "fields": {
    "title": "Cloud Coverage Query",
    "description": "None",
    "execution_start": "2019-04-02T17:32:41.158Z",
    "execution_end": "2019-04-02T17:32:58.458Z",
    "area_id": "uruguay",
    "satellite": 2,
    "time_start": "2015-06-06",
    "time_end": "2016-06-06",
    "latitude_min": -34.7613,
    "latitude_max": -34.2126,
    "longitude_min": -55.9046,
    "longitude_max": -55.7328,
    "pixel_drill_task": false,
    "complete": true,
    "pixel_count": 1301643,
    "clean_pixel_count": 1301643,
    "percentage_clean_pixels": 100.0,
    "acquisition_list": "06/01/2016,05/16/2016,04/30/2016,04/14/2016,03/29/2016,03/13/2016,02/10/2016,01/25/2016,01/09/2016,12/24/2015,12/08/2015,11/22/2015,11/06/2015,10/21/2015,10/05/2015,09/19/2015,09/03/2015,08/18/2015,07/17/2015,07/01/2015,06/15/2015",
    "clean_pixels_per_acquisition": "852042,97261,3022,610785,443698,791360,1301635,1204078,1198794,0,1299605,1299933,1192874,997498,1213488,392,69117,0,1294627,612505,1223161",
    "clean_pixel_percentages_per_acquisition": "65.45896225001786,7.47217170913991,0.23216811368401322,46.92415662359034,34.08753398589322,60.797008089007505,99.99938539215438,92.50447319272642,92.09852471069256,0.0,99.84342865132759,99.86862757299812,91.64371490493168,76.63376209913163,93.22740567114025,0.030115784435517264,5.309981308238895,0.0,99.4609889193888,47.056297310399245,93.97054338247891",
    "status": "OK",
    "message": "All products have been generated. Your result will be loaded on the map.",
    "scenes_processed": 21,
    "total_scenes": 21,
    "result_path": "/datacube/ui_results/cloud_coverage/5daf1891-e613-4d96-bb4d-8d9b0fd59b61/cloud_coverage.png",
    "mosaic_path": "/datacube/ui_results/cloud_coverage/5daf1891-e613-4d96-bb4d-8d9b0fd59b61/mosaic.png",
    "plot_path": "/datacube/ui_results/cloud_coverage/5daf1891-e613-4d96-bb4d-8d9b0fd59b61/plot_path.png",
    "data_path": "/datacube/ui_results/cloud_coverage/5daf1891-e613-4d96-bb4d-8d9b0fd59b61/data_tif.tif",
    "data_netcdf_path": "/datacube/ui_results/cloud_coverage/5daf1891-e613-4d96-bb4d-8d9b0fd59b61/data_netcdf.nc"
  }
},
{
  "model": "cloud_coverage.cloudcoveragetask",
  "pk": "5f740d70-81cc-44c1-95d6-55e6d25fcd60",
  "fields": {
    "title": "Cloud Coverage Query",
    "description": "None",
    "execution_start": "2019-04-02T17:26:05.300Z",
    "execution_end": "2019-04-02T17:27:03.174Z",
    "area_id": "ghana",
    "satellite": 1,
    "time_start": "2015-06-06",
    "time_end": "2016-06-06",
    "latitude_min": 7.7093,
    "latitude_max": 9.6417,
    "longitude_min": -2.5762,
    "longitude_max": -2.1058,
    "pixel_drill_task": false,
    "complete": true,
    "pixel_count": 12531231,
    "clean_pixel_count": 10851500,
    "percentage_clean_pixels": 86.5956425190789,
    "acquisition_list": "05/20/2016,05/04/2016,04/02/2016,03/17/2016,02/14/2016,01/29/2016,01/13/2016,12/28/2015,12/12/2015,11/26/2015,11/10/2015,10/25/2015,08/06/2015",
    "clean_pixels_per_acquisition": "4035506,7887813,3904078,1320330,6123013,6313340,9620485,5067345,9683569,6135073,9422463,739210,2686862",
    "clean_pixel_percentages_per_acquisition": "32.20358797950497,62.94523658529637,31.154784394286562,10.536315227131317,48.86202321224467,50.380844467714304,76.77206652722306,40.43772714747657,77.27548075683865,48.95826275966024,75.19183869485767,5.89894161236035,21.441325277620372",
    "status": "OK",
    "message": "All products have been generated. Your result will be loaded on the map.",
    "scenes_processed": 13,
    "total_scenes": 13,
    "result_path": "/datacube/ui_results/cloud_coverage/5f740d70-81cc-44c1-95d6-55e6d25fcd60/cloud_coverage.png",
    "mosaic_path": "/datacube/ui_results/cloud_coverage/5f740d70-81cc-44c1-95d6-55e6d25fcd60/mosaic.png",
    "plot_path": "/datacube/ui_results/cloud_coverage/5f740d70-81cc-44c1-95d6-55e6d25fcd60/plot_path.png",
    "data_path": "/datacube/ui_results/cloud_coverage/5f740d70-81cc-44c1-95d6-55e6d25fcd60/data_tif.tif",
    "data_netcdf_path": "/datacube/ui_results/cloud_coverage/5f740d70-81cc-44c1-95d6-55e6d25fcd60/data_netcdf.nc"
  }
},
{
  "model": "cloud_coverage.cloudcoveragetask",
  "pk": "6199f1a0-b47e-4d9c-9f4f-5f4e593d317a",
  "fields": {
    "title": "Cloud Coverage Query",
    "description": "None",
    "execution_start": "2019-04-02T17:25:43.112Z",
    "execution_end": "2019-04-02T17:26:08.694Z",
    "area_id": "ghana",
    "satellite": 1,
    "time_start": "2015-06-06",
    "time_end": "2016-06-06",
    "latitude_min": 7.7919,
    "latitude_max": 8.3158,
    "longitude_min": -3.4826,
    "longitude_max": -2.9044,
    "pixel_drill_task": false,
    "complete": true,
    "pixel_count": 4178262,
    "clean_pixel_count": 2876577,
    "percentage_clean_pixels": 68.8462571279637,
    "acquisition_list": "05/20/2016,05/04/2016,04/02/2016,03/17/2016,02/14/2016,01/29/2016,01/13/2016,12/28/2015,12/12/2015,11/26/2015,11/10/2015,10/25/2015,08/06/2015",
    "clean_pixels_per_acquisition": "1505,401848,805726,793212,833685,635269,1585230,1866061,1960894,194241,1720307,0,1586",
    "clean_pixel_percentages_per_acquisition": "0.03601976132659943,9.617587408353042,19.28375961105359,18.984257090627633,19.95291343625651,15.204144689825577,37.93993770615629,44.661177302907284,46.930853067615196,4.648846817169436,41.17278906875634,0.0,0.03795836642125362",
    "status": "OK",
    "message": "All products have been generated. Your result will be loaded on the map.",
    "scenes_processed": 13,
    "total_scenes": 13,
    "result_path": "/datacube/ui_results/cloud_coverage/6199f1a0-b47e-4d9c-9f4f-5f4e593d317a/cloud_coverage.png",
    "mosaic_path": "/datacube/ui_results/cloud_coverage/6199f1a0-b47e-4d9c-9f4f-5f4e593d317a/mosaic.png",
    "plot_path": "/datacube/ui_results/cloud_coverage/6199f1a0-b47e-4d9c-9f4f-5f4e593d317a/plot_path.png",
    "data_path": "/datacube/ui_results/cloud_coverage/6199f1a0-b47e-4d9c-9f4f-5f4e593d317a/data_tif.tif",
    "data_netcdf_path": "/datacube/ui_results/cloud_coverage/6199f1a0-b47e-4d9c-9f4f-5f4e593d317a/data_netcdf.nc"
  }
},
{
  "model": "cloud_coverage.cloudcoveragetask",
  "pk": "641dfdd1-f28c-4152-b3b5-bfd1104f4cdd",
  "fields": {
    "title": "Cloud Coverage Query",
    "description": "None",
    "execution_start": "2019-04-02T17:25:58.576Z",
    "execution_end": "2019-04-02T17:26:53.304Z",
    "area_id": "ghana",
    "satellite": 1,
    "time_start": "2015-06-06",
    "time_end": "2016-06-06",
    "latitude_min": 7.7482,
    "latitude_max": 9.6514,
    "longitude_min": -2.9191,
    "longitude_max": -2.5027,
    "pixel_drill_task": false,
    "complete": true,
    "pixel_count": 10922490,
    "clean_pixel_count": 9603371,
    "percentage_clean_pixels": 87.9229095197157,
    "acquisition_list": "05/20/2016,05/04/2016,04/02/2016,03/17/2016,02/14/2016,01/29/2016,01/13/2016,12/28/2015,12/12/2015,11/26/2015,11/10/2015,10/25/2015,08/06/2015",
    "clean_pixels_per_acquisition": "3511757,4982760,2839100,1976712,3871472,3744200,8255956,5664207,8078554,3819009,7769531,858997,1177021",
    "clean_pixel_percentages_per_acquisition": "32.15161561145856,45.61926813391452,25.993157237955813,18.097631584006944,35.44495806359173,34.279729255874805,75.58675723209635,51.858202662579686,73.96256714357257,34.96463718437829,71.1333313191406,7.864479619573925,10.77612339310908",
    "status": "OK",
    "message": "All products have been generated. Your result will be loaded on the map.",
    "scenes_processed": 13,
    "total_scenes": 13,
    "result_path": "/datacube/ui_results/cloud_coverage/641dfdd1-f28c-4152-b3b5-bfd1104f4cdd/cloud_coverage.png",
    "mosaic_path": "/datacube/ui_results/cloud_coverage/641dfdd1-f28c-4152-b3b5-bfd1104f4cdd/mosaic.png",
    "plot_path": "/datacube/ui_results/cloud_coverage/641dfdd1-f28c-4152-b3b5-bfd1104f4cdd/plot_path.png",
    "data_path": "/datacube/ui_results/cloud_coverage/641dfdd1-f28c-4152-b3b5-bfd1104f4cdd/data_tif.tif",
    "data_netcdf_path": "/datacube/ui_results/cloud_coverage/641dfdd1-f28c-4152-b3b5-bfd1104f4cdd/data_netcdf.nc"
  }
},
{
  "model": "cloud_coverage.cloudcoveragetask",
  "pk": "6a1286a0-0dc3-4c74-adc7-63b00004fb89",
  "fields": {
    "title": "Cloud Coverage Query",
    "description": "None",
    "execution_start": "2019-04-02T17:33:30.672Z",
    "execution_end": "2019-04-02T17:33:42.549Z",
    "area_id": "uruguay",
    "satellite": 2,
    "time_start": "2015-06-06",
    "time_end": "2016-06-06",
    "latitude_min": -34.3895,
    "latitude_max": -34.2114,
    "longitude_min": -56.7655,
    "longitude_max": -55.8726,
    "pixel_drill_task": false,
    "complete": true,
    "pixel_count": 2193868,
    "clean_pixel_count": 1917007,
    "percentage_clean_pixels": 87.3802343623226,
    "acquisition_list": "06/01/2016,05/16/2016,04/30/2016,04/14/2016,03/29/2016,03/13/2016,02/10/2016,01/25/2016,01/09/2016,12/24/2015,12/08/2015,11/22/2015,11/06/2015,10/21/2015,10/05/2015,09/19/2015,09/03/2015,08/18/2015,07/17/2015,07/01/2015,06/15/2015",
    "clean_pixels_per_acquisition": "1129485,578068,80837,1665780,1707783,1687429,1812709,1100362,1794801,337749,1837843,1865278,1699445,1750694,721004,426939,241373,0,1847026,1899899,1906239",
    "clean_pixel_percentages_per_acquisition": "51.483726459385885,26.34926075771195,3.684679297022428,75.92890729980108,77.84347098366902,76.91570322371264,82.62616529344518,50.1562537035045,81.8098901118937,15.39513772022747,83.77181307170714,85.02234409727477,77.46341165466656,79.79942275469627,32.864511447361465,19.46056007015919,11.002166037336796,0.0,84.19038884746028,86.60042445580135,86.88941176041585",
    "status": "OK",
    "message": "All products have been generated. Your result will be loaded on the map.",
    "scenes_processed": 21,
    "total_scenes": 21,
    "result_path": "/datacube/ui_results/cloud_coverage/6a1286a0-0dc3-4c74-adc7-63b00004fb89/cloud_coverage.png",
    "mosaic_path": "/datacube/ui_results/cloud_coverage/6a1286a0-0dc3-4c74-adc7-63b00004fb89/mosaic.png",
    "plot_path": "/datacube/ui_results/cloud_coverage/6a1286a0-0dc3-4c74-adc7-63b00004fb89/plot_path.png",
    "data_path": "/datacube/ui_results/cloud_coverage/6a1286a0-0dc3-4c74-adc7-63b00004fb89/data_tif.tif",
    "data_netcdf_path": "/datacube/ui_results/cloud_coverage/6a1286a0-0dc3-4c74-adc7-63b00004fb89/data_netcdf.nc"
  }
},
{
  "model": "cloud_coverage.cloudcoveragetask",
  "pk": "6b3ccc3d-023d-4714-ab70-7cb340ce6a9b",
  "fields": {
    "title": "Cloud Coverage Query",
    "description": "None",
    "execution_start": "2019-04-02T17:29:30.441Z",
    "execution_end": "2019-04-02T17:31:13.871Z",
    "area_id": "lake_chad_full",
    "satellite": 2,
    "time_start": "2015-06-06",
    "time_end": "2016-06-06",
    "latitude_min": 12.7979,
    "latitude_max": 13.927,
    "longitude_min": 13.721,
    "longitude_max": 14.2164,
    "pixel_drill_task": false,
    "complete": true,
    "pixel_count": 7436310,
    "clean_pixel_count": 7436310,
    "percentage_clean_pixels": 100.0,
    "acquisition_list": "05/22/2016,05/22/2016,05/06/2016,05/06/2016,04/20/2016,04/20/2016,04/04/2016,04/04/2016,03/19/2016,03/19/2016,03/03/2016,03/03/2016,02/16/2016,02/16/2016,01/31/2016,01/31/2016,01/15/2016,01/15/2016,12/30/2015,12/30/2015,12/14/2015,12/14/2015,11/28/2015,11/28/2015,11/12/2015,11/12/2015,10/27/2015,10/27/2015,10/11/2015,10/11/2015,09/25/2015,09/25/2015,09/09/2015,09/09/2015,08/08/2015,08/08/2015,07/23/2015,07/23/2015,07/07/2015,07/07/2015,06/21/2015,06/21/2015",
    "clean_pixels_per_acquisition": "7211404,2110161,7032026,2029192,7281333,2135314,7292177,2120045,3399790,632321,2778385,1475323,7301789,2103310,7284579,2127506,7290522,2120023,7288201,2119832,6253359,1984903,7286084,2125642,7295327,2110792,6490305,2049221,7297349,2110248,7286070,2126264,6916189,1822899,665701,302,3400104,1927529,6410908,2087674,6972144,1914742",
    "clean_pixel_percentages_per_acquisition": "96.97556987269223,28.376452837496018,94.56337888011662,27.287619800680712,97.91594218100106,28.714698553449225,98.06176719367535,28.509368221604532,45.71877718922423,8.50315546285725,37.3624149611837,19.839449942242858,98.19102484969024,28.28432381113751,97.9595928625891,28.609700241114208,98.03951153192914,28.5090723759499,98.00829981536542,28.5065038977665,84.09223122758465,26.69204215531628,97.97983139487192,28.584634045648986,98.10412691240683,28.384938228772064,87.27856961315491,27.556960374164067,98.1313178175735,28.37762277258479,97.97964312945534,28.59299840915723,93.00565737576837,24.513488544721778,8.952034006113246,0.004061153986318483,45.72299971356762,25.920503583094302,86.21087609311607,28.07405823587236,93.75811390326653,25.74855002010406",
    "status": "OK",
    "message": "All products have been generated. Your result will be loaded on the map.",
    "scenes_processed": 42,
    "total_scenes": 42,
    "result_path": "/datacube/ui_results/cloud_coverage/6b3ccc3d-023d-4714-ab70-7cb340ce6a9b/cloud_coverage.png",
    "mosaic_path": "/datacube/ui_results/cloud_coverage/6b3ccc3d-023d-4714-ab70-7cb340ce6a9b/mosaic.png",
    "plot_path": "/datacube/ui_results/cloud_coverage/6b3ccc3d-023d-4714-ab70-7cb340ce6a9b/plot_path.png",
    "data_path": "/datacube/ui_results/cloud_coverage/6b3ccc3d-023d-4714-ab70-7cb340ce6a9b/data_tif.tif",
    "data_netcdf_path": "/datacube/ui_results/cloud_coverage/6b3ccc3d-023d-4714-ab70-7cb340ce6a9b/data_netcdf.nc"
  }
},
{
  "model": "cloud_coverage.cloudcoveragetask",
  "pk": "80cb5fd8-b4e7-454f-8a32-ef53ac526ab1",
  "fields": {
    "title": "Cloud Coverage Query",
    "description": "None",
    "execution_start": "2019-04-02T17:33:15.746Z",
    "execution_end": "2019-04-02T17:33:21.754Z",
    "area_id": "uruguay",
    "satellite": 2,
    "time_start": "2015-06-06",
    "time_end": "2016-06-06",
    "latitude_min": -34.943,
    "latitude_max": -34.7505,
    "longitude_min": -55.9017,
    "longitude_max": -55.7328,
    "pixel_drill_task": false,
    "complete": true,
    "pixel_count": 449648,
    "clean_pixel_count": 449585,
    "percentage_clean_pixels": 99.985989040316,
    "acquisition_list": "06/01/2016,05/16/2016,04/30/2016,04/14/2016,03/29/2016,03/13/2016,02/10/2016,01/25/2016,01/09/2016,12/24/2015,12/08/2015,11/22/2015,11/06/2015,10/21/2015,10/05/2015,09/19/2015,09/03/2015,08/18/2015,07/17/2015,07/01/2015,06/15/2015",
    "clean_pixels_per_acquisition": "7977,170371,0,153811,230499,338748,448229,173508,397332,1,429104,435993,364937,197338,15008,93255,257570,0,420555,171206,268818",
    "clean_pixel_percentages_per_acquisition": "1.7740543714194215,37.88986051311248,0.0,34.2069796818845,51.262098352489055,75.33626303241647,99.68441981283136,38.587517346902466,88.36512116144183,0.00022239618546062698,95.43109276589688,96.96318008753514,81.16059673344483,43.88721844642921,3.33772195139309,20.73955627513077,57.28258548909369,0.0,93.52982777639397,38.0755613279721,59.78409778315482",
    "status": "OK",
    "message": "All products have been generated. Your result will be loaded on the map.",
    "scenes_processed": 21,
    "total_scenes": 21,
    "result_path": "/datacube/ui_results/cloud_coverage/80cb5fd8-b4e7-454f-8a32-ef53ac526ab1/cloud_coverage.png",
    "mosaic_path": "/datacube/ui_results/cloud_coverage/80cb5fd8-b4e7-454f-8a32-ef53ac526ab1/mosaic.png",
    "plot_path": "/datacube/ui_results/cloud_coverage/80cb5fd8-b4e7-454f-8a32-ef53ac526ab1/plot_path.png",
    "data_path": "/datacube/ui_results/cloud_coverage/80cb5fd8-b4e7-454f-8a32-ef53ac526ab1/data_tif.tif",
    "data_netcdf_path": "/datacube/ui_results/cloud_coverage/80cb5fd8-b4e7-454f-8a32-ef53ac526ab1/data_netcdf.nc"
  }
},
{
  "model": "cloud_coverage.cloudcoveragetask",
  "pk": "83aee228-a6f0-4d3f-a61c-23806fb51168",
  "fields": {
    "title": "Cloud Coverage Query",
    "description": "None",
    "execution_start": "2019-04-02T17:45:07.473Z",
    "execution_end": "2019-04-02T17:45:09.962Z",
    "area_id": "togo",
    "satellite": 1,
    "time_start": "2015-06-06",
    "time_end": "2016-06-06",
    "latitude_min": 5.7814,
    "latitude_max": 5.9538,
    "longitude_min": 0.7205,
    "longitude_max": 0.7758,
    "pixel_drill_task": false,
    "complete": true,
    "pixel_count": 130380,
    "clean_pixel_count": 125285,
    "percentage_clean_pixels": 96.092192053996,
    "acquisition_list": "04/29/2016,04/13/2016,02/25/2016,02/09/2016,01/24/2016,01/08/2016,12/23/2015,12/07/2015,11/05/2015,10/20/2015,08/01/2015",
    "clean_pixels_per_acquisition": "52795,18879,10411,1032,62685,58519,60856,0,34449,0,65349",
    "clean_pixel_percentages_per_acquisition": "40.49317379966252,14.479981592268754,7.985120417241908,0.791532443626323,48.07869305108145,44.883417702101546,46.675870532290226,0.0,26.421997238840312,0.0,50.1219512195122",
    "status": "OK",
    "message": "All products have been generated. Your result will be loaded on the map.",
    "scenes_processed": 11,
    "total_scenes": 11,
    "result_path": "/datacube/ui_results/cloud_coverage/83aee228-a6f0-4d3f-a61c-23806fb51168/cloud_coverage.png",
    "mosaic_path": "/datacube/ui_results/cloud_coverage/83aee228-a6f0-4d3f-a61c-23806fb51168/mosaic.png",
    "plot_path": "/datacube/ui_results/cloud_coverage/83aee228-a6f0-4d3f-a61c-23806fb51168/plot_path.png",
    "data_path": "/datacube/ui_results/cloud_coverage/83aee228-a6f0-4d3f-a61c-23806fb51168/data_tif.tif",
    "data_netcdf_path": "/datacube/ui_results/cloud_coverage/83aee228-a6f0-4d3f-a61c-23806fb51168/data_netcdf.nc"
  }
},
{
  "model": "cloud_coverage.cloudcoveragetask",
  "pk": "8a06c83f-0112-4e46-b1cd-c29e09f67fc8",
  "fields": {
    "title": "Cloud Coverage Query",
    "description": "None",
    "execution_start": "2019-04-02T17:34:17.721Z",
    "execution_end": "2019-04-02T17:34:29.957Z",
    "area_id": "uruguay",
    "satellite": 2,
    "time_start": "2015-06-06",
    "time_end": "2016-06-06",
    "latitude_min": -35.0382,
    "latitude_max": -34.9237,
    "longitude_min": -56.8036,
    "longitude_max": -55.8117,
    "pixel_drill_task": false,
    "complete": true,
    "pixel_count": 1568532,
    "clean_pixel_count": 1568291,
    "percentage_clean_pixels": 99.9846353150589,
    "acquisition_list": "06/01/2016,05/16/2016,04/30/2016,04/14/2016,03/29/2016,03/13/2016,02/10/2016,01/25/2016,01/09/2016,12/24/2015,12/08/2015,11/22/2015,11/06/2015,10/21/2015,10/05/2015,09/19/2015,09/03/2015,08/18/2015,07/17/2015,07/01/2015,06/15/2015",
    "clean_pixels_per_acquisition": "2193,786029,0,1164877,520458,1462503,1561357,90955,830535,497452,1321601,1557266,683857,1435366,73784,170282,1274830,0,1510764,917679,909908",
    "clean_pixel_percentages_per_acquisition": "0.13981225757587348,50.11239808942374,0.0,74.2654278012817,33.181216577028714,93.24023991859904,99.54256591513594,5.798734102970165,52.949828247048835,31.714494827010224,84.25719080006019,99.28174879441414,43.59853672095947,91.51015089268182,4.704016239388166,10.856138096003141,81.27535810554072,0.0,96.31706589345961,58.5055963155358,58.010164918535295",
    "status": "OK",
    "message": "All products have been generated. Your result will be loaded on the map.",
    "scenes_processed": 21,
    "total_scenes": 21,
    "result_path": "/datacube/ui_results/cloud_coverage/8a06c83f-0112-4e46-b1cd-c29e09f67fc8/cloud_coverage.png",
    "mosaic_path": "/datacube/ui_results/cloud_coverage/8a06c83f-0112-4e46-b1cd-c29e09f67fc8/mosaic.png",
    "plot_path": "/datacube/ui_results/cloud_coverage/8a06c83f-0112-4e46-b1cd-c29e09f67fc8/plot_path.png",
    "data_path": "/datacube/ui_results/cloud_coverage/8a06c83f-0112-4e46-b1cd-c29e09f67fc8/data_tif.tif",
    "data_netcdf_path": "/datacube/ui_results/cloud_coverage/8a06c83f-0112-4e46-b1cd-c29e09f67fc8/data_netcdf.nc"
  }
},
{
  "model": "cloud_coverage.cloudcoveragetask",
  "pk": "90a750ab-79a2-4695-b568-ef55b902c451",
  "fields": {
    "title": "Cloud Coverage Query",
    "description": "None",
    "execution_start": "2019-04-02T17:44:57.369Z",
    "execution_end": "2019-04-02T17:44:57.369Z",
    "area_id": "togo",
    "satellite": 1,
    "time_start": "2015-06-06",
    "time_end": "2016-06-06",
    "latitude_min": 5.6769,
    "latitude_max": 6.0768,
    "longitude_min": 0.5742,
    "longitude_max": 1.0519,
    "pixel_drill_task": false,
    "complete": false,
    "pixel_count": 0,
    "clean_pixel_count": 0,
    "percentage_clean_pixels": 0.0,
    "acquisition_list": "",
    "clean_pixels_per_acquisition": "",
    "clean_pixel_percentages_per_acquisition": "",
    "status": "CANCELLED",
    "message": "The task has been cancelled.",
    "scenes_processed": 10,
    "total_scenes": 22,
    "result_path": "",
    "mosaic_path": "",
    "plot_path": "",
    "data_path": "",
    "data_netcdf_path": ""
  }
},
{
  "model": "cloud_coverage.cloudcoveragetask",
  "pk": "96a90f15-d78a-4ce9-ba5f-1398ab44bc5b",
  "fields": {
    "title": "Cloud Coverage Query",
    "description": "None",
    "execution_start": "2019-04-01T18:47:44.535Z",
    "execution_end": "2019-04-01T18:47:50.169Z",
    "area_id": "ghana",
    "satellite": 1,
    "time_start": "2015-06-06",
    "time_end": "2016-06-06",
    "latitude_min": 8.7058,
    "latitude_max": 8.9542,
    "longitude_min": -3.5533,
    "longitude_max": -3.0466,
    "pixel_drill_task": false,
    "complete": true,
    "pixel_count": 1735204,
    "clean_pixel_count": 1022872,
    "percentage_clean_pixels": 58.9482274130304,
    "acquisition_list": "05/20/2016,05/04/2016,04/02/2016,03/17/2016,02/14/2016,01/29/2016,01/13/2016,12/28/2015,12/12/2015,11/26/2015,11/10/2015,10/25/2015,08/06/2015",
    "clean_pixels_per_acquisition": "167065,569724,444915,24146,598462,254073,647069,600566,605604,416103,566201,0,143864",
    "clean_pixel_percentages_per_acquisition": "9.627974578205214,32.833257645786894,25.640501059241448,1.3915366723451537,34.48943179015263,14.642255319835593,37.2906586199663,34.61068554475439,34.901026046505194,23.980062286624513,32.63022676296274,0.0,8.29089836123015",
    "status": "OK",
    "message": "All products have been generated. Your result will be loaded on the map.",
    "scenes_processed": 13,
    "total_scenes": 13,
    "result_path": "/datacube/ui_results/cloud_coverage/96a90f15-d78a-4ce9-ba5f-1398ab44bc5b/cloud_coverage.png",
    "mosaic_path": "/datacube/ui_results/cloud_coverage/96a90f15-d78a-4ce9-ba5f-1398ab44bc5b/mosaic.png",
    "plot_path": "/datacube/ui_results/cloud_coverage/96a90f15-d78a-4ce9-ba5f-1398ab44bc5b/plot_path.png",
    "data_path": "/datacube/ui_results/cloud_coverage/96a90f15-d78a-4ce9-ba5f-1398ab44bc5b/data_tif.tif",
    "data_netcdf_path": "/datacube/ui_results/cloud_coverage/96a90f15-d78a-4ce9-ba5f-1398ab44bc5b/data_netcdf.nc"
  }
},
{
  "model": "cloud_coverage.cloudcoveragetask",
  "pk": "9d1d60d5-c9d7-4a63-b564-1e6baaf36fc8",
  "fields": {
    "title": "Cloud Coverage Query",
    "description": "None",
    "execution_start": "2019-04-01T18:47:29.662Z",
    "execution_end": "2019-04-01T18:47:36.223Z",
    "area_id": "ghana",
    "satellite": 1,
    "time_start": "2015-06-06",
    "time_end": "2016-06-06",
    "latitude_min": 8.9053,
    "latitude_max": 9.2959,
    "longitude_min": -3.5781,
    "longitude_max": -3.0837,
    "pixel_drill_task": false,
    "complete": true,
    "pixel_count": 2662200,
    "clean_pixel_count": 1086615,
    "percentage_clean_pixels": 40.816430020284,
    "acquisition_list": "05/20/2016,05/04/2016,04/02/2016,03/17/2016,02/14/2016,01/29/2016,01/13/2016,12/28/2015,12/12/2015,11/26/2015,11/10/2015,10/25/2015,08/06/2015",
    "clean_pixels_per_acquisition": "406961,596164,353974,0,613038,118993,675486,556873,613332,526530,532538,58663,159484",
    "clean_pixel_percentages_per_acquisition": "15.28664262639922,22.393659379460598,13.296296296296296,0.0,23.02749605589362,4.469724288182706,25.373225152129816,20.917774772744348,23.038539553752535,19.778003155285102,20.003681165952973,2.203553452032154,5.99068439636391",
    "status": "OK",
    "message": "All products have been generated. Your result will be loaded on the map.",
    "scenes_processed": 13,
    "total_scenes": 13,
    "result_path": "/datacube/ui_results/cloud_coverage/9d1d60d5-c9d7-4a63-b564-1e6baaf36fc8/cloud_coverage.png",
    "mosaic_path": "/datacube/ui_results/cloud_coverage/9d1d60d5-c9d7-4a63-b564-1e6baaf36fc8/mosaic.png",
    "plot_path": "/datacube/ui_results/cloud_coverage/9d1d60d5-c9d7-4a63-b564-1e6baaf36fc8/plot_path.png",
    "data_path": "/datacube/ui_results/cloud_coverage/9d1d60d5-c9d7-4a63-b564-1e6baaf36fc8/data_tif.tif",
    "data_netcdf_path": "/datacube/ui_results/cloud_coverage/9d1d60d5-c9d7-4a63-b564-1e6baaf36fc8/data_netcdf.nc"
  }
},
{
  "model": "cloud_coverage.cloudcoveragetask",
  "pk": "a2fa72a2-ab0d-467d-a381-ea340f2bb5c8",
  "fields": {
    "title": "Cloud Coverage Query",
    "description": "None",
    "execution_start": "2019-04-02T17:34:43.481Z",
    "execution_end": "2019-04-02T17:35:05.451Z",
    "area_id": "uruguay",
    "satellite": 2,
    "time_start": "2015-06-06",
    "time_end": "2016-06-06",
    "latitude_min": -35.2159,
    "latitude_max": -35.0289,
    "longitude_min": -56.8881,
    "longitude_max": -55.5597,
    "pixel_drill_task": false,
    "complete": true,
    "pixel_count": 3436210,
    "clean_pixel_count": 3427893,
    "percentage_clean_pixels": 99.7579600781093,
    "acquisition_list": "06/01/2016,05/16/2016,04/30/2016,04/14/2016,03/29/2016,03/13/2016,02/10/2016,01/25/2016,01/09/2016,12/24/2015,12/08/2015,11/22/2015,11/06/2015,10/21/2015,10/05/2015,09/19/2015,09/03/2015,08/18/2015,07/17/2015,07/01/2015,06/15/2015",
    "clean_pixels_per_acquisition": "338967,1141696,0,2286769,1573592,3096333,3344005,656237,1476769,849983,2441955,3395834,1845976,3217598,1291513,484552,3334739,0,3095565,3173497,2477595",
    "clean_pixel_percentages_per_acquisition": "9.86456008218357,33.22544314811959,0.0,66.5491631768722,45.794407210269455,90.1089572523216,97.31666574510871,19.09769775421176,42.97668070344944,24.7360609508732,71.06535980047785,98.82498450327542,53.72128013130746,93.6379906932347,37.58539204530573,14.101350033903632,97.04700818634484,0.0,90.08660704671716,92.35457087896258,72.10254902930845",
    "status": "OK",
    "message": "All products have been generated. Your result will be loaded on the map.",
    "scenes_processed": 21,
    "total_scenes": 21,
    "result_path": "/datacube/ui_results/cloud_coverage/a2fa72a2-ab0d-467d-a381-ea340f2bb5c8/cloud_coverage.png",
    "mosaic_path": "/datacube/ui_results/cloud_coverage/a2fa72a2-ab0d-467d-a381-ea340f2bb5c8/mosaic.png",
    "plot_path": "/datacube/ui_results/cloud_coverage/a2fa72a2-ab0d-467d-a381-ea340f2bb5c8/plot_path.png",
    "data_path": "/datacube/ui_results/cloud_coverage/a2fa72a2-ab0d-467d-a381-ea340f2bb5c8/data_tif.tif",
    "data_netcdf_path": "/datacube/ui_results/cloud_coverage/a2fa72a2-ab0d-467d-a381-ea340f2bb5c8/data_netcdf.nc"
  }
},
{
  "model": "cloud_coverage.cloudcoveragetask",
  "pk": "b4762b99-7fbb-4a2d-89d2-656680b78c8f",
  "fields": {
    "title": "Cloud Coverage Query",
    "description": "None",
    "execution_start": "2019-04-02T17:34:28.479Z",
    "execution_end": "2019-04-02T17:34:33.529Z",
    "area_id": "uruguay",
    "satellite": 2,
    "time_start": "2015-06-06",
    "time_end": "2016-06-06",
    "latitude_min": -35.0496,
    "latitude_max": -34.9213,
    "longitude_min": -55.8583,
    "longitude_max": -55.7272,
    "pixel_drill_task": false,
    "complete": true,
    "pixel_count": 232299,
    "clean_pixel_count": 232299,
    "percentage_clean_pixels": 100.0,
    "acquisition_list": "06/01/2016,05/16/2016,04/30/2016,04/14/2016,03/29/2016,03/13/2016,02/10/2016,01/25/2016,01/09/2016,12/24/2015,12/08/2015,11/22/2015,11/06/2015,10/21/2015,10/05/2015,09/19/2015,09/03/2015,08/18/2015,07/17/2015,07/01/2015,06/15/2015",
    "clean_pixels_per_acquisition": "0,63097,0,48395,214992,232298,232299,126359,230826,0,191870,232299,101701,198530,52560,112437,50433,0,208503,161966,181550",
    "clean_pixel_percentages_per_acquisition": "0.0,27.16197659051481,0.0,20.83306428353114,92.5496881174693,99.99956952031648,100.0,54.39498232880899,99.3659034261878,0.0,82.59613687532017,100.0,43.780214292786454,85.46313156750567,22.626012165355856,48.40184417496416,21.710381878527244,0.0,89.75630545116424,69.72307241959716,78.15358654148318",
    "status": "OK",
    "message": "All products have been generated. Your result will be loaded on the map.",
    "scenes_processed": 21,
    "total_scenes": 21,
    "result_path": "/datacube/ui_results/cloud_coverage/b4762b99-7fbb-4a2d-89d2-656680b78c8f/cloud_coverage.png",
    "mosaic_path": "/datacube/ui_results/cloud_coverage/b4762b99-7fbb-4a2d-89d2-656680b78c8f/mosaic.png",
    "plot_path": "/datacube/ui_results/cloud_coverage/b4762b99-7fbb-4a2d-89d2-656680b78c8f/plot_path.png",
    "data_path": "/datacube/ui_results/cloud_coverage/b4762b99-7fbb-4a2d-89d2-656680b78c8f/data_tif.tif",
    "data_netcdf_path": "/datacube/ui_results/cloud_coverage/b4762b99-7fbb-4a2d-89d2-656680b78c8f/data_netcdf.nc"
  }
},
{
  "model": "cloud_coverage.cloudcoveragetask",
  "pk": "b5915daf-10a0-4846-b8f1-00ef39e6e440",
  "fields": {
    "title": "Cloud Coverage Query",
    "description": "None",
    "execution_start": "2019-04-02T17:32:55.173Z",
    "execution_end": "2019-04-02T17:32:59.901Z",
    "area_id": "uruguay",
    "satellite": 2,
    "time_start": "2015-06-06",
    "time_end": "2016-06-06",
    "latitude_min": -34.9394,
    "latitude_max": -34.6319,
    "longitude_min": -56.4814,
    "longitude_max": -56.4465,
    "pixel_drill_task": false,
    "complete": true,
    "pixel_count": 148460,
    "clean_pixel_count": 148460,
    "percentage_clean_pixels": 100.0,
    "acquisition_list": "06/01/2016,05/16/2016,04/30/2016,04/14/2016,03/29/2016,03/13/2016,02/10/2016,01/25/2016,01/09/2016,12/24/2015,12/08/2015,11/22/2015,11/06/2015,10/21/2015,10/05/2015,09/19/2015,09/03/2015,08/18/2015,07/17/2015,07/01/2015,06/15/2015",
    "clean_pixels_per_acquisition": "44941,139944,0,84679,18553,136591,148460,0,105359,119521,148049,147626,47892,43468,0,4368,97459,0,121398,10362,146439",
    "clean_pixel_percentages_per_acquisition": "30.271453590192646,94.26377475414253,0.0,57.03825946382864,12.496968880506534,92.00525394045535,100.0,0.0,70.96793749158023,80.50720732857336,99.72315775293008,99.43823252054426,32.25919439579685,29.27926714266469,0.0,2.9422066549912436,65.6466388252728,0.0,81.7715209484036,6.979657820288293,98.63869055637882",
    "status": "OK",
    "message": "All products have been generated. Your result will be loaded on the map.",
    "scenes_processed": 21,
    "total_scenes": 21,
    "result_path": "/datacube/ui_results/cloud_coverage/b5915daf-10a0-4846-b8f1-00ef39e6e440/cloud_coverage.png",
    "mosaic_path": "/datacube/ui_results/cloud_coverage/b5915daf-10a0-4846-b8f1-00ef39e6e440/mosaic.png",
    "plot_path": "/datacube/ui_results/cloud_coverage/b5915daf-10a0-4846-b8f1-00ef39e6e440/plot_path.png",
    "data_path": "/datacube/ui_results/cloud_coverage/b5915daf-10a0-4846-b8f1-00ef39e6e440/data_tif.tif",
    "data_netcdf_path": "/datacube/ui_results/cloud_coverage/b5915daf-10a0-4846-b8f1-00ef39e6e440/data_netcdf.nc"
  }
},
{
  "model": "cloud_coverage.cloudcoveragetask",
  "pk": "cbf279be-8a3a-4d88-a424-2edc419be8d6",
  "fields": {
    "title": "Cloud Coverage Query",
    "description": "None",
    "execution_start": "2019-04-02T17:32:24.766Z",
    "execution_end": "2019-04-02T17:32:49.536Z",
    "area_id": "uruguay",
    "satellite": 2,
    "time_start": "2015-06-06",
    "time_end": "2016-06-06",
    "latitude_min": -34.9549,
    "latitude_max": -34.6391,
    "longitude_min": -56.7538,
    "longitude_max": -56.4654,
    "pixel_drill_task": false,
    "complete": true,
    "pixel_count": 1256283,
    "clean_pixel_count": 1256098,
    "percentage_clean_pixels": 99.9852740186725,
    "acquisition_list": "06/01/2016,05/16/2016,04/30/2016,04/14/2016,03/29/2016,03/13/2016,02/10/2016,01/25/2016,01/09/2016,12/24/2015,12/08/2015,11/22/2015,11/06/2015,10/21/2015,10/05/2015,09/19/2015,09/03/2015,08/18/2015,07/17/2015,07/01/2015,06/15/2015",
    "clean_pixels_per_acquisition": "295051,1211415,0,728271,251162,1191519,1207443,0,597516,463694,1224061,1237299,455848,334087,0,91369,695475,0,926648,274691,1245433",
    "clean_pixel_percentages_per_acquisition": "23.48602981971419,96.42851172864712,0.0,57.97029809366202,19.992469849548232,94.84479213680358,96.1123409295517,0.0,47.562213291113544,36.90999559812558,97.43513205225256,98.48887551610585,36.285454790043325,26.593291479706405,0.0,7.272963177882691,55.359739803849926,0.0,73.76108727094135,21.865375874703393,99.13634109511949",
    "status": "OK",
    "message": "All products have been generated. Your result will be loaded on the map.",
    "scenes_processed": 21,
    "total_scenes": 21,
    "result_path": "/datacube/ui_results/cloud_coverage/cbf279be-8a3a-4d88-a424-2edc419be8d6/cloud_coverage.png",
    "mosaic_path": "/datacube/ui_results/cloud_coverage/cbf279be-8a3a-4d88-a424-2edc419be8d6/mosaic.png",
    "plot_path": "/datacube/ui_results/cloud_coverage/cbf279be-8a3a-4d88-a424-2edc419be8d6/plot_path.png",
    "data_path": "/datacube/ui_results/cloud_coverage/cbf279be-8a3a-4d88-a424-2edc419be8d6/data_tif.tif",
    "data_netcdf_path": "/datacube/ui_results/cloud_coverage/cbf279be-8a3a-4d88-a424-2edc419be8d6/data_netcdf.nc"
  }
},
{
  "model": "cloud_coverage.cloudcoveragetask",
  "pk": "de1da930-e709-4bea-98e6-0e8a9f281df1",
  "fields": {
    "title": "Cloud Coverage Query",
    "description": "None",
    "execution_start": "2019-04-02T17:32:32.182Z",
    "execution_end": "2019-04-02T17:32:48.748Z",
    "area_id": "uruguay",
    "satellite": 2,
    "time_start": "2015-06-06",
    "time_end": "2016-06-06",
    "latitude_min": -34.6391,
    "latitude_max": -34.5312,
    "longitude_min": -56.7451,
    "longitude_max": -55.8872,
    "pixel_drill_task": false,
    "complete": true,
    "pixel_count": 1277185,
    "clean_pixel_count": 1263173,
    "percentage_clean_pixels": 98.9028997365299,
    "acquisition_list": "06/01/2016,05/16/2016,04/30/2016,04/14/2016,03/29/2016,03/13/2016,02/10/2016,01/25/2016,01/09/2016,12/24/2015,12/08/2015,11/22/2015,11/06/2015,10/21/2015,10/05/2015,09/19/2015,09/03/2015,08/18/2015,07/17/2015,07/01/2015,06/15/2015",
    "clean_pixels_per_acquisition": "1100804,566991,0,143322,516362,1105712,1199611,219274,731816,311079,1214344,1229613,937216,700852,312436,78444,171043,0,957920,817771,1129699",
    "clean_pixel_percentages_per_acquisition": "86.18986286246707,44.39380356017335,0.0,11.221710245579144,40.42969499328601,86.57414548401367,93.9261735770464,17.168538622047706,57.299138339394844,24.356612393662626,95.07972611642009,96.27524595105642,73.38138171055877,54.87474406605151,24.462861684094317,6.141944980562722,13.392186723145041,0.0,75.00244678727044,64.02917353398294,88.45226024420894",
    "status": "OK",
    "message": "All products have been generated. Your result will be loaded on the map.",
    "scenes_processed": 21,
    "total_scenes": 21,
    "result_path": "/datacube/ui_results/cloud_coverage/de1da930-e709-4bea-98e6-0e8a9f281df1/cloud_coverage.png",
    "mosaic_path": "/datacube/ui_results/cloud_coverage/de1da930-e709-4bea-98e6-0e8a9f281df1/mosaic.png",
    "plot_path": "/datacube/ui_results/cloud_coverage/de1da930-e709-4bea-98e6-0e8a9f281df1/plot_path.png",
    "data_path": "/datacube/ui_results/cloud_coverage/de1da930-e709-4bea-98e6-0e8a9f281df1/data_tif.tif",
    "data_netcdf_path": "/datacube/ui_results/cloud_coverage/de1da930-e709-4bea-98e6-0e8a9f281df1/data_netcdf.nc"
  }
},
{
  "model": "cloud_coverage.cloudcoveragetask",
  "pk": "e1e09431-3705-4e27-8401-5bc771595945",
  "fields": {
    "title": "Cloud Coverage Query",
    "description": "None",
    "execution_start": "2019-04-02T17:31:38.640Z",
    "execution_end": "2019-04-02T17:32:09.757Z",
    "area_id": "uruguay",
    "satellite": 2,
    "time_start": "2015-06-06",
    "time_end": "2016-06-06",
    "latitude_min": -34.9403,
    "latitude_max": -34.6388,
    "longitude_min": -56.4622,
    "longitude_max": -55.8912,
    "pixel_drill_task": false,
    "complete": true,
    "pixel_count": 2374400,
    "clean_pixel_count": 2337985,
    "percentage_clean_pixels": 98.466349393531,
    "acquisition_list": "06/01/2016,05/16/2016,04/30/2016,04/14/2016,03/29/2016,03/13/2016,02/10/2016,01/25/2016,01/09/2016,12/24/2015,12/08/2015,11/22/2015,11/06/2015,10/21/2015,10/05/2015,09/19/2015,09/03/2015,08/18/2015,07/17/2015,07/01/2015,06/15/2015",
    "clean_pixels_per_acquisition": "718560,793309,2288,680381,363489,1723126,2317441,230489,1379970,1241862,2006959,2036238,862831,696154,588039,411747,770805,0,1793104,238020,1169623",
    "clean_pixel_percentages_per_acquisition": "30.262803234501348,33.41092486522911,0.0963611859838275,28.654860175202156,15.30866745283019,72.57100741239893,97.60112028301887,9.707252358490566,58.118682614555254,52.30213948787062,84.5248904986523,85.75800202156334,36.33890667115903,29.319154312668463,24.76579346361186,17.34109669811321,32.46314858490566,0.0,75.51819407008087,10.024427223719677,49.259728773584904",
    "status": "OK",
    "message": "All products have been generated. Your result will be loaded on the map.",
    "scenes_processed": 21,
    "total_scenes": 21,
    "result_path": "/datacube/ui_results/cloud_coverage/e1e09431-3705-4e27-8401-5bc771595945/cloud_coverage.png",
    "mosaic_path": "/datacube/ui_results/cloud_coverage/e1e09431-3705-4e27-8401-5bc771595945/mosaic.png",
    "plot_path": "/datacube/ui_results/cloud_coverage/e1e09431-3705-4e27-8401-5bc771595945/plot_path.png",
    "data_path": "/datacube/ui_results/cloud_coverage/e1e09431-3705-4e27-8401-5bc771595945/data_tif.tif",
    "data_netcdf_path": "/datacube/ui_results/cloud_coverage/e1e09431-3705-4e27-8401-5bc771595945/data_netcdf.nc"
  }
},
{
  "model": "cloud_coverage.cloudcoveragetask",
  "pk": "e65a6268-37ef-451b-a664-669c7c497dc8",
  "fields": {
    "title": "Cloud Coverage Query",
    "description": "None",
    "execution_start": "2019-04-01T18:47:18.321Z",
    "execution_end": "2019-04-01T18:47:23.767Z",
    "area_id": "ghana",
    "satellite": 1,
    "time_start": "2015-06-06",
    "time_end": "2016-06-06",
    "latitude_min": 9.1861,
    "latitude_max": 9.6453,
    "longitude_min": -3.5863,
    "longitude_max": -3.2073,
    "pixel_drill_task": false,
    "complete": true,
    "pixel_count": 2398935,
    "clean_pixel_count": 115555,
    "percentage_clean_pixels": 4.81692917898984,
    "acquisition_list": "05/20/2016,05/04/2016,04/02/2016,03/17/2016,02/14/2016,01/29/2016,01/13/2016,12/28/2015,12/12/2015,11/26/2015,11/10/2015,10/25/2015,08/06/2015",
    "clean_pixels_per_acquisition": "14722,34556,13035,0,42374,10914,80061,39842,42771,25989,25195,11739,0",
    "clean_pixel_percentages_per_acquisition": "0.6136889911564923,1.4404725430243004,0.5433661187151798,0.0,1.7663671587600331,0.4549518848989239,3.3373559517035685,1.6608203223513767,1.782916169050016,1.0833557391092297,1.050257718529264,0.4893421455770998,0.0",
    "status": "OK",
    "message": "All products have been generated. Your result will be loaded on the map.",
    "scenes_processed": 13,
    "total_scenes": 13,
    "result_path": "/datacube/ui_results/cloud_coverage/e65a6268-37ef-451b-a664-669c7c497dc8/cloud_coverage.png",
    "mosaic_path": "/datacube/ui_results/cloud_coverage/e65a6268-37ef-451b-a664-669c7c497dc8/mosaic.png",
    "plot_path": "/datacube/ui_results/cloud_coverage/e65a6268-37ef-451b-a664-669c7c497dc8/plot_path.png",
    "data_path": "/datacube/ui_results/cloud_coverage/e65a6268-37ef-451b-a664-669c7c497dc8/data_tif.tif",
    "data_netcdf_path": "/datacube/ui_results/cloud_coverage/e65a6268-37ef-451b-a664-669c7c497dc8/data_netcdf.nc"
  }
},
{
  "model": "coastal_change.userhistory",
  "pk": 258,
  "fields": {
    "user_id": 550,
    "task_id": "7be96220-a2b0-47dd-bc76-604147240c30"
  }
},
{
  "model": "coastal_change.userhistory",
  "pk": 260,
  "fields": {
    "user_id": 550,
    "task_id": "0f723c12-c603-45c7-942e-f13b02f3f18c"
  }
},
{
  "model": "coastal_change.userhistory",
  "pk": 261,
  "fields": {
    "user_id": 550,
    "task_id": "feba7d94-0754-4c5b-b430-1c8bc14c6e22"
  }
},
{
  "model": "coastal_change.userhistory",
  "pk": 262,
  "fields": {
    "user_id": 550,
    "task_id": "e264f0a5-1151-4864-9020-4699d92ce571"
  }
},
{
  "model": "coastal_change.userhistory",
  "pk": 264,
  "fields": {
    "user_id": 550,
    "task_id": "1a07034d-6bb1-471f-8f77-46626f6488aa"
  }
},
{
  "model": "coastal_change.userhistory",
  "pk": 267,
  "fields": {
    "user_id": 550,
    "task_id": "567b2c92-9ae5-47ab-a398-38b901160ce1"
  }
},
{
  "model": "coastal_change.userhistory",
  "pk": 268,
  "fields": {
    "user_id": 550,
    "task_id": "8704dd1d-d492-4ad3-9315-cd7ebac37165"
  }
},
{
  "model": "coastal_change.userhistory",
  "pk": 269,
  "fields": {
    "user_id": 550,
    "task_id": "4c4a1fcf-dc78-49ea-9f8d-b2c24bccc3b9"
  }
},
{
  "model": "coastal_change.userhistory",
  "pk": 271,
  "fields": {
    "user_id": 550,
    "task_id": "e25d6dde-cc5c-4013-ae9d-940847271750"
  }
},
{
  "model": "coastal_change.userhistory",
  "pk": 272,
  "fields": {
    "user_id": 550,
    "task_id": "52403afd-09cd-43c8-a1f0-2c011af51580"
  }
},
{
  "model": "coastal_change.toolinfo",
  "pk": 18,
  "fields": {
    "image_path": "/static/assets/images/thumbnails/coastal_change_1.png",
    "image_title": "Coastline Identification",
    "image_description": "Identify the coastline of a yearly mosaic and compare it to a baseline year."
  }
},
{
  "model": "coastal_change.toolinfo",
  "pk": 19,
  "fields": {
    "image_path": "/static/assets/images/thumbnails/coastal_change_2.png",
    "image_title": "Coastal Change",
    "image_description": "Compute the area covered by receding coastline over a user defined period."
  }
},
{
  "model": "coastal_change.animationtype",
  "pk": 0,
  "fields": {
    "animation_id": "none",
    "name": "None",
    "data_variable": "None"
  }
},
{
  "model": "coastal_change.animationtype",
  "pk": 1,
  "fields": {
    "animation_id": "coastline_change",
    "name": "Coastline Change",
    "data_variable": "None"
  }
},
{
  "model": "coastal_change.animationtype",
  "pk": 2,
  "fields": {
    "animation_id": "coastal_change",
    "name": "Coastal Change",
    "data_variable": "None"
  }
},
{
  "model": "coastal_change.coastalchangetask",
  "pk": "0ca3f187-cdcc-4e91-971b-d8484681d097",
  "fields": {
    "title": "Coastal Change Query",
    "description": "None",
    "execution_start": "2019-04-01T14:11:39.568Z",
    "execution_end": "2019-04-01T14:11:39.568Z",
    "area_id": "ghana",
    "satellite": 1,
    "latitude_min": 8.9949,
    "latitude_max": 9.6616,
    "longitude_min": -3.4915,
    "longitude_max": -2.6429,
    "pixel_drill_task": false,
    "complete": true,
    "pixel_count": 0,
    "clean_pixel_count": 0,
    "percentage_clean_pixels": 0.0,
    "acquisition_list": "",
    "clean_pixels_per_acquisition": "",
    "clean_pixel_percentages_per_acquisition": "",
    "status": "ERROR",
    "message": "There was an unhandled exception during the processing of your task.",
    "scenes_processed": 886,
    "total_scenes": 1026,
    "result_path": "",
    "time_end": 2010,
    "time_start": 2005,
    "animated_product": 0,
    "land_converted": "",
    "sea_converted": "",
    "result_coastal_change_path": "",
    "result_mosaic_path": "",
    "animation_path": "None",
    "data_path": "",
    "data_netcdf_path": ""
  }
},
{
  "model": "coastal_change.coastalchangetask",
  "pk": "0f723c12-c603-45c7-942e-f13b02f3f18c",
  "fields": {
    "title": "Coastal Change Query",
    "description": "None",
    "execution_start": "2019-04-01T14:29:55.370Z",
    "execution_end": "2019-04-01T14:30:37.239Z",
    "area_id": "ghana",
    "satellite": 1,
    "latitude_min": 9.1088,
    "latitude_max": 9.6088,
    "longitude_min": -3.3968,
    "longitude_max": -2.8859,
    "pixel_drill_task": false,
    "complete": true,
    "pixel_count": 3520832,
    "clean_pixel_count": 2223663,
    "percentage_clean_pixels": 63.1573162252558,
    "acquisition_list": "12/14/2010,11/28/2010,11/12/2010,10/11/2010,04/18/2010,04/02/2010,03/17/2010,03/01/2010,01/28/2010,01/12/2010,12/16/2005,11/30/2005,11/14/2005,10/29/2005,05/22/2005,04/04/2005,02/15/2005,01/14/2005",
    "clean_pixels_per_acquisition": "1346588,988736,1338548,0,1544326,130,607910,241569,211805,1527383,1280461,78465,810115,1421205,0,1332477,1386980,765646",
    "clean_pixel_percentages_per_acquisition": "38.24630087433879,28.08245323832549,38.01794575827532,0.0,43.862530220129784,0.0036923090905785906,17.266089378874085,6.861133959245996,6.0157655917692185,43.38130873611692,36.368136849471945,2.2285925599403775,23.009192145492882,40.365601085198044,0.0,37.8455149237453,39.39352971115918,21.74616681511643",
    "status": "OK",
    "message": "All products have been generated. Your result will be loaded on the map.",
    "scenes_processed": 18,
    "total_scenes": 18,
    "result_path": "/datacube/ui_results/coastal_change/0f723c12-c603-45c7-942e-f13b02f3f18c/coastline_change.png",
    "time_end": 2010,
    "time_start": 2005,
    "animated_product": 0,
    "land_converted": "16",
    "sea_converted": "34",
    "result_coastal_change_path": "/datacube/ui_results/coastal_change/0f723c12-c603-45c7-942e-f13b02f3f18c/coastal_change.png",
    "result_mosaic_path": "/datacube/ui_results/coastal_change/0f723c12-c603-45c7-942e-f13b02f3f18c/mosaic.png",
    "animation_path": "",
    "data_path": "/datacube/ui_results/coastal_change/0f723c12-c603-45c7-942e-f13b02f3f18c/data_tif.tif",
    "data_netcdf_path": "/datacube/ui_results/coastal_change/0f723c12-c603-45c7-942e-f13b02f3f18c/data_netcdf.nc"
  }
},
{
  "model": "coastal_change.coastalchangetask",
  "pk": "1a07034d-6bb1-471f-8f77-46626f6488aa",
  "fields": {
    "title": "Coastal Change Query",
    "description": "None",
    "execution_start": "2019-04-01T14:33:50.347Z",
    "execution_end": "2019-04-01T14:33:50.347Z",
    "area_id": "ghana",
    "satellite": 1,
    "latitude_min": 9.1861,
    "latitude_max": 9.6453,
    "longitude_min": -3.5863,
    "longitude_max": -3.2073,
    "pixel_drill_task": false,
    "complete": true,
    "pixel_count": 0,
    "clean_pixel_count": 0,
    "percentage_clean_pixels": 0.0,
    "acquisition_list": "",
    "clean_pixels_per_acquisition": "",
    "clean_pixel_percentages_per_acquisition": "",
    "status": "ERROR",
    "message": "There was an unhandled exception during the processing of your task.",
    "scenes_processed": 0,
    "total_scenes": 324,
    "result_path": "",
    "time_end": 2010,
    "time_start": 2005,
    "animated_product": 0,
    "land_converted": "",
    "sea_converted": "",
    "result_coastal_change_path": "",
    "result_mosaic_path": "",
    "animation_path": "None",
    "data_path": "",
    "data_netcdf_path": ""
  }
},
{
  "model": "coastal_change.coastalchangetask",
  "pk": "4c4a1fcf-dc78-49ea-9f8d-b2c24bccc3b9",
  "fields": {
    "title": "Coastal Change Query",
    "description": "None",
    "execution_start": "2019-04-01T18:50:59.794Z",
    "execution_end": "2019-04-01T18:51:16.451Z",
    "area_id": "ghana",
    "satellite": 1,
    "latitude_min": 9.1861,
    "latitude_max": 9.645,
    "longitude_min": -3.5863,
    "longitude_max": -3.2073,
    "pixel_drill_task": false,
    "complete": true,
    "pixel_count": 1201578,
    "clean_pixel_count": 56380,
    "percentage_clean_pixels": 4.6921631388058,
    "acquisition_list": "12/14/2010,11/28/2010,11/12/2010,10/11/2010,04/18/2010,04/02/2010,03/17/2010,03/01/2010,01/28/2010,01/12/2010,12/16/2005,11/30/2005,11/14/2005,10/29/2005,05/22/2005,04/04/2005,02/15/2005,01/14/2005",
    "clean_pixels_per_acquisition": "19162,11029,18139,0,111537,0,60934,71,5933,85040,3093,0,10777,34594,0,11900,26091,14405",
    "clean_pixel_percentages_per_acquisition": "1.5947362551578008,0.9178763259646898,1.5095982116849676,0.0,9.282543455356207,0.0,5.071164751684868,0.005908896467811495,0.4937673625848676,7.0773599383477395,0.2574115038724078,0.0,0.8969039046986546,2.879047386020716,0.0,0.9903643375627716,2.171394616079855,1.1988401918144307",
    "status": "OK",
    "message": "All products have been generated. Your result will be loaded on the map.",
    "scenes_processed": 18,
    "total_scenes": 18,
    "result_path": "/datacube/ui_results/coastal_change/4c4a1fcf-dc78-49ea-9f8d-b2c24bccc3b9/coastline_change.png",
    "time_end": 2010,
    "time_start": 2005,
    "animated_product": 0,
    "land_converted": "0",
    "sea_converted": "1",
    "result_coastal_change_path": "/datacube/ui_results/coastal_change/4c4a1fcf-dc78-49ea-9f8d-b2c24bccc3b9/coastal_change.png",
    "result_mosaic_path": "/datacube/ui_results/coastal_change/4c4a1fcf-dc78-49ea-9f8d-b2c24bccc3b9/mosaic.png",
    "animation_path": "",
    "data_path": "/datacube/ui_results/coastal_change/4c4a1fcf-dc78-49ea-9f8d-b2c24bccc3b9/data_tif.tif",
    "data_netcdf_path": "/datacube/ui_results/coastal_change/4c4a1fcf-dc78-49ea-9f8d-b2c24bccc3b9/data_netcdf.nc"
  }
},
{
  "model": "coastal_change.coastalchangetask",
  "pk": "52403afd-09cd-43c8-a1f0-2c011af51580",
  "fields": {
    "title": "Coastal Change Query",
    "description": "None",
    "execution_start": "2019-04-02T17:47:44.618Z",
    "execution_end": "2019-04-02T17:47:46.593Z",
    "area_id": "togo",
    "satellite": 1,
    "latitude_min": 6.0942,
    "latitude_max": 6.1695,
    "longitude_min": 1.2092,
    "longitude_max": 1.2558,
    "pixel_drill_task": false,
    "complete": true,
    "pixel_count": 48094,
    "clean_pixel_count": 47492,
    "percentage_clean_pixels": 98.7482846093068,
    "acquisition_list": "12/25/2010,12/09/2010,03/12/2010,02/24/2010,02/08/2010,01/23/2010,01/07/2010,12/11/2005,11/25/2005,11/09/2005,10/24/2005,05/17/2005,03/30/2005,02/10/2005,01/09/2005",
    "clean_pixels_per_acquisition": "25003,18390,39309,6126,12188,35697,38264,0,33676,37419,20657,10097,30771,21011,0",
    "clean_pixel_percentages_per_acquisition": "51.987773942695554,38.23761799808708,81.73368819395351,12.73755562024369,25.342038507921988,74.22339584979416,79.5608599825342,0.0,70.02120846675261,77.80388406038175,42.95130369692685,20.994302823637042,63.98095396515158,43.68736224892918,0.0",
    "status": "OK",
    "message": "All products have been generated. Your result will be loaded on the map.",
    "scenes_processed": 15,
    "total_scenes": 15,
    "result_path": "/datacube/ui_results/coastal_change/52403afd-09cd-43c8-a1f0-2c011af51580/coastline_change.png",
    "time_end": 2010,
    "time_start": 2005,
    "animated_product": 0,
    "land_converted": "80",
    "sea_converted": "308",
    "result_coastal_change_path": "/datacube/ui_results/coastal_change/52403afd-09cd-43c8-a1f0-2c011af51580/coastal_change.png",
    "result_mosaic_path": "/datacube/ui_results/coastal_change/52403afd-09cd-43c8-a1f0-2c011af51580/mosaic.png",
    "animation_path": "",
    "data_path": "/datacube/ui_results/coastal_change/52403afd-09cd-43c8-a1f0-2c011af51580/data_tif.tif",
    "data_netcdf_path": "/datacube/ui_results/coastal_change/52403afd-09cd-43c8-a1f0-2c011af51580/data_netcdf.nc"
  }
},
{
  "model": "coastal_change.coastalchangetask",
  "pk": "567b2c92-9ae5-47ab-a398-38b901160ce1",
  "fields": {
    "title": "Coastal Change Query",
    "description": "None",
    "execution_start": "2019-04-01T15:20:00.711Z",
    "execution_end": "2019-04-01T15:20:18.615Z",
    "area_id": "ghana",
    "satellite": 1,
    "latitude_min": 9.1861,
    "latitude_max": 9.6451,
    "longitude_min": -3.5863,
    "longitude_max": -3.2073,
    "pixel_drill_task": false,
    "complete": true,
    "pixel_count": 1201578,
    "clean_pixel_count": 56380,
    "percentage_clean_pixels": 4.6921631388058,
    "acquisition_list": "12/14/2010,11/28/2010,11/12/2010,10/11/2010,04/18/2010,04/02/2010,03/17/2010,03/01/2010,01/28/2010,01/12/2010,12/16/2005,11/30/2005,11/14/2005,10/29/2005,05/22/2005,04/04/2005,02/15/2005,01/14/2005",
    "clean_pixels_per_acquisition": "19162,11029,18139,0,111537,0,60934,71,5933,85040,3093,0,10777,34594,0,11900,26091,14405",
    "clean_pixel_percentages_per_acquisition": "1.5947362551578008,0.9178763259646898,1.5095982116849676,0.0,9.282543455356207,0.0,5.071164751684868,0.005908896467811495,0.4937673625848676,7.0773599383477395,0.2574115038724078,0.0,0.8969039046986546,2.879047386020716,0.0,0.9903643375627716,2.171394616079855,1.1988401918144307",
    "status": "OK",
    "message": "All products have been generated. Your result will be loaded on the map.",
    "scenes_processed": 18,
    "total_scenes": 18,
    "result_path": "/datacube/ui_results/coastal_change/567b2c92-9ae5-47ab-a398-38b901160ce1/coastline_change.png",
    "time_end": 2010,
    "time_start": 2005,
    "animated_product": 0,
    "land_converted": "0",
    "sea_converted": "1",
    "result_coastal_change_path": "/datacube/ui_results/coastal_change/567b2c92-9ae5-47ab-a398-38b901160ce1/coastal_change.png",
    "result_mosaic_path": "/datacube/ui_results/coastal_change/567b2c92-9ae5-47ab-a398-38b901160ce1/mosaic.png",
    "animation_path": "",
    "data_path": "/datacube/ui_results/coastal_change/567b2c92-9ae5-47ab-a398-38b901160ce1/data_tif.tif",
    "data_netcdf_path": "/datacube/ui_results/coastal_change/567b2c92-9ae5-47ab-a398-38b901160ce1/data_netcdf.nc"
  }
},
{
  "model": "coastal_change.coastalchangetask",
  "pk": "7be96220-a2b0-47dd-bc76-604147240c30",
  "fields": {
    "title": "Coastal Change Query",
    "description": "None",
    "execution_start": "2019-04-01T14:11:27.071Z",
    "execution_end": "2019-04-01T14:11:27.071Z",
    "area_id": "ghana",
    "satellite": 1,
    "latitude_min": 9.2674,
    "latitude_max": 9.6047,
    "longitude_min": -3.4462,
    "longitude_max": -3.0054,
    "pixel_drill_task": false,
    "complete": true,
    "pixel_count": 0,
    "clean_pixel_count": 0,
    "percentage_clean_pixels": 0.0,
    "acquisition_list": "",
    "clean_pixels_per_acquisition": "",
    "clean_pixel_percentages_per_acquisition": "",
    "status": "ERROR",
    "message": "There must be at least one acquisition in both the start and ending year.",
    "scenes_processed": 0,
    "total_scenes": 0,
    "result_path": "",
    "time_end": 2010,
    "time_start": 1999,
    "animated_product": 0,
    "land_converted": "",
    "sea_converted": "",
    "result_coastal_change_path": "",
    "result_mosaic_path": "",
    "animation_path": "None",
    "data_path": "",
    "data_netcdf_path": ""
  }
},
{
  "model": "coastal_change.coastalchangetask",
  "pk": "849a7002-d90b-4602-a903-5386e4b0d0a2",
  "fields": {
    "title": "Coastal Change Query",
    "description": "None",
    "execution_start": "2019-04-02T17:42:23.350Z",
    "execution_end": "2019-04-02T17:42:23.350Z",
    "area_id": "togo",
    "satellite": 1,
    "latitude_min": 6.0243,
    "latitude_max": 6.5508,
    "longitude_min": 1.115,
    "longitude_max": 2.6856,
    "pixel_drill_task": false,
    "complete": false,
    "pixel_count": 0,
    "clean_pixel_count": 0,
    "percentage_clean_pixels": 0.0,
    "acquisition_list": "",
    "clean_pixels_per_acquisition": "",
    "clean_pixel_percentages_per_acquisition": "",
    "status": "CANCELLED",
    "message": "The task has been cancelled.",
    "scenes_processed": 638,
    "total_scenes": 2656,
    "result_path": "",
    "time_end": 2010,
    "time_start": 2005,
    "animated_product": 0,
    "land_converted": "",
    "sea_converted": "",
    "result_coastal_change_path": "",
    "result_mosaic_path": "",
    "animation_path": "None",
    "data_path": "",
    "data_netcdf_path": ""
  }
},
{
  "model": "coastal_change.coastalchangetask",
  "pk": "8704dd1d-d492-4ad3-9315-cd7ebac37165",
  "fields": {
    "title": "Coastal Change Query",
    "description": "None",
    "execution_start": "2019-04-01T15:20:25.802Z",
    "execution_end": "2019-04-01T15:20:59.683Z",
    "area_id": "ghana",
    "satellite": 1,
    "latitude_min": 9.1088,
    "latitude_max": 9.6494,
    "longitude_min": -3.265,
    "longitude_max": -2.8324,
    "pixel_drill_task": false,
    "complete": true,
    "pixel_count": 3094762,
    "clean_pixel_count": 2595684,
    "percentage_clean_pixels": 83.8734610286672,
    "acquisition_list": "12/14/2010,11/28/2010,11/12/2010,10/11/2010,04/18/2010,04/02/2010,03/17/2010,03/01/2010,01/28/2010,01/12/2010,12/16/2005,11/30/2005,11/14/2005,10/29/2005,05/22/2005,04/04/2005,02/15/2005,01/14/2005",
    "clean_pixels_per_acquisition": "1589000,1214572,1579919,0,1744557,123,661412,374119,258835,1756673,1535047,125872,1012629,1677969,0,1586013,1638582,830238",
    "clean_pixel_percentages_per_acquisition": "51.3448207002671,39.24605510859963,51.05138941217451,0.0,56.37128153958204,0.003974457486553086,21.371982724358126,12.088780978957347,8.36364799619486,56.76278175833877,49.601455620819955,4.067259453230975,32.72073910691678,54.21964596954467,0.0,51.24830277740259,52.94694713196039,26.82720028228342",
    "status": "OK",
    "message": "All products have been generated. Your result will be loaded on the map.",
    "scenes_processed": 18,
    "total_scenes": 18,
    "result_path": "/datacube/ui_results/coastal_change/8704dd1d-d492-4ad3-9315-cd7ebac37165/coastline_change.png",
    "time_end": 2010,
    "time_start": 2005,
    "animated_product": 0,
    "land_converted": "16",
    "sea_converted": "34",
    "result_coastal_change_path": "/datacube/ui_results/coastal_change/8704dd1d-d492-4ad3-9315-cd7ebac37165/coastal_change.png",
    "result_mosaic_path": "/datacube/ui_results/coastal_change/8704dd1d-d492-4ad3-9315-cd7ebac37165/mosaic.png",
    "animation_path": "",
    "data_path": "/datacube/ui_results/coastal_change/8704dd1d-d492-4ad3-9315-cd7ebac37165/data_tif.tif",
    "data_netcdf_path": "/datacube/ui_results/coastal_change/8704dd1d-d492-4ad3-9315-cd7ebac37165/data_netcdf.nc"
  }
},
{
  "model": "coastal_change.coastalchangetask",
  "pk": "b62c6ee9-dad5-4e57-a331-9301d62187bc",
  "fields": {
    "title": "Coastal Change Query",
    "description": "None",
    "execution_start": "2019-04-01T15:10:18.412Z",
    "execution_end": "2019-04-01T15:10:18.412Z",
    "area_id": "ghana",
    "satellite": 1,
    "latitude_min": 9.1861,
    "latitude_max": 9.6454,
    "longitude_min": -3.5863,
    "longitude_max": -3.2073,
    "pixel_drill_task": false,
    "complete": true,
    "pixel_count": 0,
    "clean_pixel_count": 0,
    "percentage_clean_pixels": 0.0,
    "acquisition_list": "",
    "clean_pixels_per_acquisition": "",
    "clean_pixel_percentages_per_acquisition": "",
    "status": "ERROR",
    "message": "There was an unhandled exception during the processing of your task.",
    "scenes_processed": 0,
    "total_scenes": 324,
    "result_path": "",
    "time_end": 2010,
    "time_start": 2005,
    "animated_product": 0,
    "land_converted": "",
    "sea_converted": "",
    "result_coastal_change_path": "",
    "result_mosaic_path": "",
    "animation_path": "None",
    "data_path": "",
    "data_netcdf_path": ""
  }
},
{
  "model": "coastal_change.coastalchangetask",
  "pk": "c1179513-a3c0-469c-af9d-3ddf4144fdb1",
  "fields": {
    "title": "Coastal Change Query",
    "description": "None",
    "execution_start": "2019-04-01T15:14:25.533Z",
    "execution_end": "2019-04-01T15:14:25.533Z",
    "area_id": "ghana",
    "satellite": 1,
    "latitude_min": 9.1861,
    "latitude_max": 9.6452,
    "longitude_min": -3.5863,
    "longitude_max": -3.2073,
    "pixel_drill_task": false,
    "complete": true,
    "pixel_count": 0,
    "clean_pixel_count": 0,
    "percentage_clean_pixels": 0.0,
    "acquisition_list": "",
    "clean_pixels_per_acquisition": "",
    "clean_pixel_percentages_per_acquisition": "",
    "status": "ERROR",
    "message": "There was an unhandled exception during the processing of your task.",
    "scenes_processed": 0,
    "total_scenes": 324,
    "result_path": "",
    "time_end": 2010,
    "time_start": 2005,
    "animated_product": 0,
    "land_converted": "",
    "sea_converted": "",
    "result_coastal_change_path": "",
    "result_mosaic_path": "",
    "animation_path": "None",
    "data_path": "",
    "data_netcdf_path": ""
  }
},
{
  "model": "coastal_change.coastalchangetask",
  "pk": "e25d6dde-cc5c-4013-ae9d-940847271750",
  "fields": {
    "title": "Coastal Change Query",
    "description": "None",
    "execution_start": "2019-04-02T17:43:42.308Z",
    "execution_end": "2019-04-02T17:43:46.102Z",
    "area_id": "togo",
    "satellite": 1,
    "latitude_min": 6.1504,
    "latitude_max": 6.2382,
    "longitude_min": 1.3246,
    "longitude_max": 1.496,
    "pixel_drill_task": false,
    "complete": true,
    "pixel_count": 205725,
    "clean_pixel_count": 202496,
    "percentage_clean_pixels": 98.4304289707133,
    "acquisition_list": "12/25/2010,12/09/2010,03/12/2010,02/24/2010,02/08/2010,01/23/2010,01/07/2010,12/11/2005,11/25/2005,11/09/2005,10/24/2005,05/17/2005,03/30/2005,02/10/2005,01/09/2005",
    "clean_pixels_per_acquisition": "101880,108870,160512,90109,128446,134544,170649,0,157163,154499,90387,46258,152242,117866,0",
    "clean_pixel_percentages_per_acquisition": "49.52242070725483,52.920160408312064,78.02260298942764,43.80070482440151,62.435775914448904,65.39992708713088,82.95005468465185,0.0,76.39470166484385,75.09976910924779,43.93583667517317,22.48535666545145,74.00267347186778,57.292988212419495,0.0",
    "status": "OK",
    "message": "All products have been generated. Your result will be loaded on the map.",
    "scenes_processed": 15,
    "total_scenes": 15,
    "result_path": "/datacube/ui_results/coastal_change/e25d6dde-cc5c-4013-ae9d-940847271750/coastline_change.png",
    "time_end": 2010,
    "time_start": 2005,
    "animated_product": 0,
    "land_converted": "389",
    "sea_converted": "658",
    "result_coastal_change_path": "/datacube/ui_results/coastal_change/e25d6dde-cc5c-4013-ae9d-940847271750/coastal_change.png",
    "result_mosaic_path": "/datacube/ui_results/coastal_change/e25d6dde-cc5c-4013-ae9d-940847271750/mosaic.png",
    "animation_path": "",
    "data_path": "/datacube/ui_results/coastal_change/e25d6dde-cc5c-4013-ae9d-940847271750/data_tif.tif",
    "data_netcdf_path": "/datacube/ui_results/coastal_change/e25d6dde-cc5c-4013-ae9d-940847271750/data_netcdf.nc"
  }
},
{
  "model": "coastal_change.coastalchangetask",
  "pk": "e264f0a5-1151-4864-9020-4699d92ce571",
  "fields": {
    "title": "Coastal Change Query",
    "description": "None",
    "execution_start": "2019-04-01T14:33:41.254Z",
    "execution_end": "2019-04-01T14:33:41.254Z",
    "area_id": "ghana",
    "satellite": 1,
    "latitude_min": 9.2796,
    "latitude_max": 9.4585,
    "longitude_min": -3.5616,
    "longitude_max": -3.265,
    "pixel_drill_task": false,
    "complete": true,
    "pixel_count": 0,
    "clean_pixel_count": 0,
    "percentage_clean_pixels": 0.0,
    "acquisition_list": "",
    "clean_pixels_per_acquisition": "",
    "clean_pixel_percentages_per_acquisition": "",
    "status": "ERROR",
    "message": "There must be at least one acquisition in both the start and ending year.",
    "scenes_processed": 0,
    "total_scenes": 0,
    "result_path": "",
    "time_end": 2010,
    "time_start": 2005,
    "animated_product": 0,
    "land_converted": "",
    "sea_converted": "",
    "result_coastal_change_path": "",
    "result_mosaic_path": "",
    "animation_path": "None",
    "data_path": "",
    "data_netcdf_path": ""
  }
},
{
  "model": "coastal_change.coastalchangetask",
  "pk": "feba7d94-0754-4c5b-b430-1c8bc14c6e22",
  "fields": {
    "title": "Coastal Change Query",
    "description": "None",
    "execution_start": "2019-04-01T14:32:46.042Z",
    "execution_end": "2019-04-01T14:33:23.148Z",
    "area_id": "ghana",
    "satellite": 1,
    "latitude_min": 9.0681,
    "latitude_max": 9.556,
    "longitude_min": -3.508,
    "longitude_max": -3.0837,
    "pixel_drill_task": false,
    "complete": true,
    "pixel_count": 2860200,
    "clean_pixel_count": 927488,
    "percentage_clean_pixels": 32.4273827005105,
    "acquisition_list": "12/14/2010,11/28/2010,11/12/2010,10/11/2010,04/18/2010,04/02/2010,03/17/2010,03/01/2010,01/28/2010,01/12/2010,12/16/2005,11/30/2005,11/14/2005,10/29/2005,05/22/2005,04/04/2005,02/15/2005,01/14/2005",
    "clean_pixels_per_acquisition": "513659,363695,509709,0,733817,0,248700,10162,114117,678882,433466,1547,226473,559778,0,471647,534210,358774",
    "clean_pixel_percentages_per_acquisition": "17.958849031536257,12.71571918047689,17.82074680092301,0.0,25.656142927068036,0.0,8.695196140130061,0.35528983987133766,3.989825886301657,23.735473043843086,15.155094049367177,0.05408712677435144,7.918082651562828,19.571288721068456,0.0,16.4900006992518,18.67736521921544,12.543668274945809",
    "status": "OK",
    "message": "All products have been generated. Your result will be loaded on the map.",
    "scenes_processed": 18,
    "total_scenes": 18,
    "result_path": "/datacube/ui_results/coastal_change/feba7d94-0754-4c5b-b430-1c8bc14c6e22/coastline_change.png",
    "time_end": 2010,
    "time_start": 2005,
    "animated_product": 0,
    "land_converted": "0",
    "sea_converted": "1",
    "result_coastal_change_path": "/datacube/ui_results/coastal_change/feba7d94-0754-4c5b-b430-1c8bc14c6e22/coastal_change.png",
    "result_mosaic_path": "/datacube/ui_results/coastal_change/feba7d94-0754-4c5b-b430-1c8bc14c6e22/mosaic.png",
    "animation_path": "",
    "data_path": "/datacube/ui_results/coastal_change/feba7d94-0754-4c5b-b430-1c8bc14c6e22/data_tif.tif",
    "data_netcdf_path": "/datacube/ui_results/coastal_change/feba7d94-0754-4c5b-b430-1c8bc14c6e22/data_netcdf.nc"
  }
},
{
  "model": "custom_mosaic_tool.userhistory",
  "pk": 815,
  "fields": {
    "user_id": 550,
    "task_id": "de657402-4a32-4b81-b34f-96965d931353"
  }
},
{
  "model": "custom_mosaic_tool.userhistory",
  "pk": 816,
  "fields": {
    "user_id": 550,
    "task_id": "a1f24a94-f482-4079-8448-4fd1ce441776"
  }
},
{
  "model": "custom_mosaic_tool.userhistory",
  "pk": 817,
  "fields": {
    "user_id": 550,
    "task_id": "f995c3f1-c39e-45e2-bb1e-f18bd5be26b1"
  }
},
{
  "model": "custom_mosaic_tool.userhistory",
  "pk": 818,
  "fields": {
    "user_id": 550,
    "task_id": "9d4207f3-236c-4793-ae22-24c1356e21da"
  }
},
{
  "model": "custom_mosaic_tool.userhistory",
  "pk": 819,
  "fields": {
    "user_id": 550,
    "task_id": "1fdeab21-5a73-4478-8920-3dc3d7ce932d"
  }
},
{
  "model": "custom_mosaic_tool.userhistory",
  "pk": 820,
  "fields": {
    "user_id": 550,
    "task_id": "be3cf0af-ab67-466a-be50-2d470f3db33f"
  }
},
{
  "model": "custom_mosaic_tool.userhistory",
  "pk": 821,
  "fields": {
    "user_id": 550,
    "task_id": "8bb9776a-e3a4-411b-8d4e-852b134f37c2"
  }
},
{
  "model": "custom_mosaic_tool.userhistory",
  "pk": 822,
  "fields": {
    "user_id": 550,
    "task_id": "a78af2e1-6f64-4684-84db-9bcc855d0c9e"
  }
},
{
  "model": "custom_mosaic_tool.userhistory",
  "pk": 823,
  "fields": {
    "user_id": 550,
    "task_id": "e5d75ac2-76e1-4e1e-a100-c410e01bdd9c"
  }
},
{
  "model": "custom_mosaic_tool.userhistory",
  "pk": 824,
  "fields": {
    "user_id": 550,
    "task_id": "5db73a8e-9783-46ab-a748-b9f377895faa"
  }
},
{
  "model": "custom_mosaic_tool.userhistory",
  "pk": 825,
  "fields": {
    "user_id": 550,
    "task_id": "f8ceac52-594e-4525-97e8-0f8b3c59bb83"
  }
},
{
  "model": "custom_mosaic_tool.userhistory",
  "pk": 826,
  "fields": {
    "user_id": 550,
    "task_id": "b8fad6aa-ae68-43c5-adfa-2cd409f6ce30"
  }
},
{
  "model": "custom_mosaic_tool.toolinfo",
  "pk": 1,
  "fields": {
    "image_path": "/static/assets/images/thumbnails/custom_mosaic_tool_1.png",
    "image_title": "True Color Mosaics",
    "image_description": "The Custom Mosaic Tool allows users to create detailed true or false color images of given areas using optical data from various Landsat satellites."
  }
},
{
  "model": "custom_mosaic_tool.toolinfo",
  "pk": 2,
  "fields": {
    "image_path": "/static/assets/images/thumbnails/custom_mosaic_tool_2.png",
    "image_title": "Pixel Preference",
    "image_description": "Choose how the 'best' pixel will be chosen: Most recent, least recent, median, geometric median, or min/max NDVI."
  }
},
{
  "model": "custom_mosaic_tool.toolinfo",
  "pk": 3,
  "fields": {
    "image_path": "/static/assets/images/thumbnails/custom_mosaic_tool_3.png",
    "image_title": "Time Series",
    "image_description": "Run powerful time series analyses that composite a series of acquisitions to produce a single image."
  }
},
{
  "model": "custom_mosaic_tool.resulttype",
  "pk": 1,
  "fields": {
    "result_id": "true_color",
    "name": "True color",
    "red": "red",
    "green": "green",
    "blue": "blue",
    "fill": "red"
  }
},
{
  "model": "custom_mosaic_tool.resulttype",
  "pk": 2,
  "fields": {
    "result_id": "nir_swir_swir",
    "name": "NIR, SWIR1, SWIR2",
    "red": "nir",
    "green": "swir1",
    "blue": "swir2",
    "fill": "red"
  }
},
{
  "model": "custom_mosaic_tool.resulttype",
  "pk": 3,
  "fields": {
    "result_id": "nir_swir_red",
    "name": "NIR, SWIR1, RED",
    "red": "nir",
    "green": "swir1",
    "blue": "red",
    "fill": "red"
  }
},
{
  "model": "custom_mosaic_tool.resulttype",
  "pk": 4,
  "fields": {
    "result_id": "swir_nir_red",
    "name": "SWIR1, NIR, RED",
    "red": "swir1",
    "green": "nir",
    "blue": "red",
    "fill": "blue"
  }
},
{
  "model": "custom_mosaic_tool.resulttype",
  "pk": 5,
  "fields": {
    "result_id": "swir_nir_green",
    "name": "SWIR2, NIR, GREEN",
    "red": "swir2",
    "green": "nir",
    "blue": "green",
    "fill": "red"
  }
},
{
  "model": "custom_mosaic_tool.resulttype",
  "pk": 6,
  "fields": {
    "result_id": "swir_nir_blue",
    "name": "SWIR1, NIR, BLUE",
    "red": "swir1",
    "green": "nir",
    "blue": "blue",
    "fill": "blue"
  }
},
{
  "model": "custom_mosaic_tool.resulttype",
  "pk": 7,
  "fields": {
    "result_id": "nir_red_green",
    "name": "NIR, RED, GREEN",
    "red": "nir",
    "green": "red",
    "blue": "green",
    "fill": "blue"
  }
},
{
  "model": "custom_mosaic_tool.animationtype",
  "pk": 0,
  "fields": {
    "animation_id": "none",
    "name": "None",
    "data_variable": "None"
  }
},
{
  "model": "custom_mosaic_tool.animationtype",
  "pk": 1,
  "fields": {
    "animation_id": "cumulative",
    "name": "Cumulative",
    "data_variable": "None"
  }
},
{
  "model": "custom_mosaic_tool.animationtype",
  "pk": 2,
  "fields": {
    "animation_id": "scene",
    "name": "Scene",
    "data_variable": "None"
  }
},
{
  "model": "custom_mosaic_tool.custommosaictooltask",
  "pk": "1fdeab21-5a73-4478-8920-3dc3d7ce932d",
  "fields": {
    "title": "Custom Mosaic Query",
    "description": "None",
    "execution_start": "2019-04-02T18:09:52.885Z",
    "execution_end": "2019-04-02T18:09:52.885Z",
    "area_id": "togo",
    "satellite": 1,
    "time_start": "2012-06-06",
    "time_end": "2017-06-06",
    "latitude_min": 5.831,
    "latitude_max": 5.8451,
    "longitude_min": 0.7727,
    "longitude_max": 0.7906,
    "pixel_drill_task": false,
    "complete": true,
    "pixel_count": 0,
    "clean_pixel_count": 0,
    "percentage_clean_pixels": 0.0,
    "acquisition_list": "",
    "clean_pixels_per_acquisition": "",
    "clean_pixel_percentages_per_acquisition": "",
    "status": "ERROR",
    "message": "Median pixel operations are only supported for single year time periods.",
    "scenes_processed": 0,
    "total_scenes": 0,
    "result_path": "",
    "query_type": 1,
    "animated_product": 0,
    "compositor": "median_pixel",
    "satellite_list": "",
    "result_filled_path": "",
    "plot_path": "",
    "animation_path": "None",
    "data_path": "",
    "data_netcdf_path": ""
  }
},
{
  "model": "custom_mosaic_tool.custommosaictooltask",
  "pk": "5db73a8e-9783-46ab-a748-b9f377895faa",
  "fields": {
    "title": "Custom Mosaic Query",
    "description": "None",
    "execution_start": "2019-04-02T18:15:47.289Z",
    "execution_end": "2019-04-02T18:15:51.694Z",
    "area_id": "togo",
    "satellite": 1,
    "time_start": "2013-06-06",
    "time_end": "2014-06-06",
    "latitude_min": 5.8092,
    "latitude_max": 5.8345,
    "longitude_min": 0.7614,
    "longitude_max": 0.7818,
    "pixel_drill_task": false,
    "complete": true,
    "pixel_count": 7238,
    "clean_pixel_count": 6944,
    "percentage_clean_pixels": 95.9381044487427,
    "acquisition_list": "03/07/2014,02/19/2014,02/03/2014,01/18/2014,01/02/2014,12/17/2013,12/01/2013,08/27/2013,08/11/2013,07/10/2013,06/08/2013",
    "clean_pixels_per_acquisition": "0,4,0,914,2440,4187,0,0,4059,0,2961",
    "clean_pixel_percentages_per_acquisition": "0.0,0.055263885051119094,0.0,12.627797734180714,33.71096988118265,57.84747167725891,0.0,0.0,56.0790273556231,0.0,40.90909090909091",
    "status": "OK",
    "message": "All products have been generated. Your result will be loaded on the map.",
    "scenes_processed": 11,
    "total_scenes": 11,
    "result_path": "/datacube/ui_results/custom_mosaic_tool/5db73a8e-9783-46ab-a748-b9f377895faa/png_mosaic.png",
    "query_type": 1,
    "animated_product": 1,
    "compositor": "least_recent",
    "satellite_list": "LANDSAT_7,LANDSAT_7,LANDSAT_7,LANDSAT_7,LANDSAT_7,LANDSAT_7,LANDSAT_7,LANDSAT_7,LANDSAT_7,LANDSAT_7,LANDSAT_7",
    "result_filled_path": "/datacube/ui_results/custom_mosaic_tool/5db73a8e-9783-46ab-a748-b9f377895faa/filled_png_mosaic.png",
    "plot_path": "/datacube/ui_results/custom_mosaic_tool/5db73a8e-9783-46ab-a748-b9f377895faa/plot_path.png",
    "animation_path": "/datacube/ui_results/custom_mosaic_tool/5db73a8e-9783-46ab-a748-b9f377895faa/animation.gif",
    "data_path": "/datacube/ui_results/custom_mosaic_tool/5db73a8e-9783-46ab-a748-b9f377895faa/data_tif.tif",
    "data_netcdf_path": "/datacube/ui_results/custom_mosaic_tool/5db73a8e-9783-46ab-a748-b9f377895faa/data_netcdf.nc"
  }
},
{
  "model": "custom_mosaic_tool.custommosaictooltask",
  "pk": "8bb9776a-e3a4-411b-8d4e-852b134f37c2",
  "fields": {
    "title": "Custom Mosaic Query",
    "description": "None",
    "execution_start": "2019-04-02T18:10:51.956Z",
    "execution_end": "2019-04-02T18:10:53.285Z",
    "area_id": "togo",
    "satellite": 1,
    "time_start": "2012-06-06",
    "time_end": "2013-06-06",
    "latitude_min": 5.7546,
    "latitude_max": 5.7814,
    "longitude_min": 0.6957,
    "longitude_max": 0.7507,
    "pixel_drill_task": false,
    "complete": true,
    "pixel_count": 20400,
    "clean_pixel_count": 19946,
    "percentage_clean_pixels": 97.7745098039216,
    "acquisition_list": "05/07/2013,04/21/2013,04/05/2013,01/31/2013,12/30/2012,12/14/2012,11/28/2012,10/27/2012,10/11/2012,09/25/2012,09/09/2012",
    "clean_pixels_per_acquisition": "0,8832,11616,1843,8189,11163,2328,3052,0,11048,11380",
    "clean_pixel_percentages_per_acquisition": "0.0,43.294117647058826,56.94117647058823,9.034313725490197,40.1421568627451,54.720588235294116,11.411764705882353,14.96078431372549,0.0,54.15686274509804,55.78431372549019",
    "status": "OK",
    "message": "All products have been generated. Your result will be loaded on the map.",
    "scenes_processed": 11,
    "total_scenes": 11,
    "result_path": "/datacube/ui_results/custom_mosaic_tool/8bb9776a-e3a4-411b-8d4e-852b134f37c2/png_mosaic.png",
    "query_type": 1,
    "animated_product": 0,
    "compositor": "median_pixel",
    "satellite_list": "LANDSAT_7,LANDSAT_7,LANDSAT_7,LANDSAT_7,LANDSAT_7,LANDSAT_7,LANDSAT_7,LANDSAT_7,LANDSAT_7,LANDSAT_7,LANDSAT_7",
    "result_filled_path": "/datacube/ui_results/custom_mosaic_tool/8bb9776a-e3a4-411b-8d4e-852b134f37c2/filled_png_mosaic.png",
    "plot_path": "/datacube/ui_results/custom_mosaic_tool/8bb9776a-e3a4-411b-8d4e-852b134f37c2/plot_path.png",
    "animation_path": "",
    "data_path": "/datacube/ui_results/custom_mosaic_tool/8bb9776a-e3a4-411b-8d4e-852b134f37c2/data_tif.tif",
    "data_netcdf_path": "/datacube/ui_results/custom_mosaic_tool/8bb9776a-e3a4-411b-8d4e-852b134f37c2/data_netcdf.nc"
  }
},
{
  "model": "custom_mosaic_tool.custommosaictooltask",
  "pk": "9d4207f3-236c-4793-ae22-24c1356e21da",
  "fields": {
    "title": "Custom Mosaic Query",
    "description": "None",
    "execution_start": "2019-04-02T18:09:31.715Z",
    "execution_end": "2019-04-02T18:09:33.472Z",
    "area_id": "togo",
    "satellite": 1,
    "time_start": "2015-06-06",
    "time_end": "2016-06-06",
    "latitude_min": 5.8538,
    "latitude_max": 5.9321,
    "longitude_min": 0.736,
    "longitude_max": 0.8048,
    "pixel_drill_task": false,
    "complete": true,
    "pixel_count": 73406,
    "clean_pixel_count": 69761,
    "percentage_clean_pixels": 95.0344658474784,
    "acquisition_list": "04/29/2016,04/13/2016,02/25/2016,02/09/2016,01/24/2016,01/08/2016,12/23/2015,12/07/2015,11/05/2015,10/20/2015,08/01/2015",
    "clean_pixels_per_acquisition": "30659,224,9211,651,36476,32656,33776,0,20596,0,35749",
    "clean_pixel_percentages_per_acquisition": "41.76634062610686,0.3051521673977604,12.5480205977713,0.8868484864997411,49.69076097321745,44.486826689916356,46.01258752690516,0.0,28.05765196305479,0.0,48.700378715636326",
    "status": "OK",
    "message": "All products have been generated. Your result will be loaded on the map.",
    "scenes_processed": 11,
    "total_scenes": 11,
    "result_path": "/datacube/ui_results/custom_mosaic_tool/9d4207f3-236c-4793-ae22-24c1356e21da/png_mosaic.png",
    "query_type": 1,
    "animated_product": 0,
    "compositor": "median_pixel",
    "satellite_list": "LANDSAT_7,LANDSAT_7,LANDSAT_7,LANDSAT_7,LANDSAT_7,LANDSAT_7,LANDSAT_7,LANDSAT_7,LANDSAT_7,LANDSAT_7,LANDSAT_7",
    "result_filled_path": "/datacube/ui_results/custom_mosaic_tool/9d4207f3-236c-4793-ae22-24c1356e21da/filled_png_mosaic.png",
    "plot_path": "/datacube/ui_results/custom_mosaic_tool/9d4207f3-236c-4793-ae22-24c1356e21da/plot_path.png",
    "animation_path": "",
    "data_path": "/datacube/ui_results/custom_mosaic_tool/9d4207f3-236c-4793-ae22-24c1356e21da/data_tif.tif",
    "data_netcdf_path": "/datacube/ui_results/custom_mosaic_tool/9d4207f3-236c-4793-ae22-24c1356e21da/data_netcdf.nc"
  }
},
{
  "model": "custom_mosaic_tool.custommosaictooltask",
  "pk": "a1f24a94-f482-4079-8448-4fd1ce441776",
  "fields": {
    "title": "Custom Mosaic Query",
    "description": "None",
    "execution_start": "2019-04-02T18:08:59.488Z",
    "execution_end": "2019-04-02T18:09:16.546Z",
    "area_id": "togo",
    "satellite": 1,
    "time_start": "2015-06-06",
    "time_end": "2016-06-06",
    "latitude_min": 5.8575,
    "latitude_max": 5.9292,
    "longitude_min": 0.7374,
    "longitude_max": 0.8022,
    "pixel_drill_task": false,
    "complete": true,
    "pixel_count": 63600,
    "clean_pixel_count": 60527,
    "percentage_clean_pixels": 95.1682389937107,
    "acquisition_list": "04/29/2016,04/13/2016,02/25/2016,02/09/2016,01/24/2016,01/08/2016,12/23/2015,12/07/2015,11/05/2015,10/20/2015,08/01/2015",
    "clean_pixels_per_acquisition": "26234,2,7969,566,32326,29134,29157,0,18156,0,31353",
    "clean_pixel_percentages_per_acquisition": "41.24842767295598,0.0031446540880503146,12.529874213836479,0.889937106918239,50.827044025157235,45.808176100628934,45.844339622641506,0.0,28.547169811320753,0.0,49.29716981132076",
    "status": "OK",
    "message": "All products have been generated. Your result will be loaded on the map.",
    "scenes_processed": 11,
    "total_scenes": 11,
    "result_path": "/datacube/ui_results/custom_mosaic_tool/a1f24a94-f482-4079-8448-4fd1ce441776/png_mosaic.png",
    "query_type": 1,
    "animated_product": 0,
    "compositor": "geo_median",
    "satellite_list": "LANDSAT_7,LANDSAT_7,LANDSAT_7,LANDSAT_7,LANDSAT_7,LANDSAT_7,LANDSAT_7,LANDSAT_7,LANDSAT_7,LANDSAT_7,LANDSAT_7",
    "result_filled_path": "/datacube/ui_results/custom_mosaic_tool/a1f24a94-f482-4079-8448-4fd1ce441776/filled_png_mosaic.png",
    "plot_path": "/datacube/ui_results/custom_mosaic_tool/a1f24a94-f482-4079-8448-4fd1ce441776/plot_path.png",
    "animation_path": "",
    "data_path": "/datacube/ui_results/custom_mosaic_tool/a1f24a94-f482-4079-8448-4fd1ce441776/data_tif.tif",
    "data_netcdf_path": "/datacube/ui_results/custom_mosaic_tool/a1f24a94-f482-4079-8448-4fd1ce441776/data_netcdf.nc"
  }
},
{
  "model": "custom_mosaic_tool.custommosaictooltask",
  "pk": "a78af2e1-6f64-4684-84db-9bcc855d0c9e",
  "fields": {
    "title": "Custom Mosaic Query",
    "description": "None",
    "execution_start": "2019-04-02T18:15:26.544Z",
    "execution_end": "2019-04-02T18:15:26.544Z",
    "area_id": "togo",
    "satellite": 1,
    "time_start": "2013-06-06",
    "time_end": "2014-06-06",
    "latitude_min": 5.8092,
    "latitude_max": 5.8345,
    "longitude_min": 0.7614,
    "longitude_max": 0.7818,
    "pixel_drill_task": false,
    "complete": true,
    "pixel_count": 0,
    "clean_pixel_count": 0,
    "percentage_clean_pixels": 0.0,
    "acquisition_list": "",
    "clean_pixels_per_acquisition": "",
    "clean_pixel_percentages_per_acquisition": "",
    "status": "ERROR",
    "message": "Animations cannot be generated for median pixel operations.",
    "scenes_processed": 0,
    "total_scenes": 0,
    "result_path": "",
    "query_type": 1,
    "animated_product": 1,
    "compositor": "geo_median",
    "satellite_list": "",
    "result_filled_path": "",
    "plot_path": "",
    "animation_path": "None",
    "data_path": "",
    "data_netcdf_path": ""
  }
},
{
  "model": "custom_mosaic_tool.custommosaictooltask",
  "pk": "b8fad6aa-ae68-43c5-adfa-2cd409f6ce30",
  "fields": {
    "title": "Custom Mosaic Query",
    "description": "None",
    "execution_start": "2019-04-02T18:17:16.484Z",
    "execution_end": "2019-04-02T18:17:18.225Z",
    "area_id": "togo",
    "satellite": 1,
    "time_start": "2013-06-06",
    "time_end": "2014-06-06",
    "latitude_min": 5.8092,
    "latitude_max": 5.8345,
    "longitude_min": 0.7614,
    "longitude_max": 0.7818,
    "pixel_drill_task": false,
    "complete": true,
    "pixel_count": 7238,
    "clean_pixel_count": 6944,
    "percentage_clean_pixels": 95.9381044487427,
    "acquisition_list": "03/07/2014,02/19/2014,02/03/2014,01/18/2014,01/02/2014,12/17/2013,12/01/2013,08/27/2013,08/11/2013,07/10/2013,06/08/2013",
    "clean_pixels_per_acquisition": "0,4,0,914,2440,4187,0,0,4059,0,2961",
    "clean_pixel_percentages_per_acquisition": "0.0,0.055263885051119094,0.0,12.627797734180714,33.71096988118265,57.84747167725891,0.0,0.0,56.0790273556231,0.0,40.90909090909091",
    "status": "OK",
    "message": "All products have been generated. Your result will be loaded on the map.",
    "scenes_processed": 11,
    "total_scenes": 11,
    "result_path": "/datacube/ui_results/custom_mosaic_tool/b8fad6aa-ae68-43c5-adfa-2cd409f6ce30/png_mosaic.png",
    "query_type": 1,
    "animated_product": 0,
    "compositor": "least_recent",
    "satellite_list": "LANDSAT_7,LANDSAT_7,LANDSAT_7,LANDSAT_7,LANDSAT_7,LANDSAT_7,LANDSAT_7,LANDSAT_7,LANDSAT_7,LANDSAT_7,LANDSAT_7",
    "result_filled_path": "/datacube/ui_results/custom_mosaic_tool/b8fad6aa-ae68-43c5-adfa-2cd409f6ce30/filled_png_mosaic.png",
    "plot_path": "/datacube/ui_results/custom_mosaic_tool/b8fad6aa-ae68-43c5-adfa-2cd409f6ce30/plot_path.png",
    "animation_path": "",
    "data_path": "/datacube/ui_results/custom_mosaic_tool/b8fad6aa-ae68-43c5-adfa-2cd409f6ce30/data_tif.tif",
    "data_netcdf_path": "/datacube/ui_results/custom_mosaic_tool/b8fad6aa-ae68-43c5-adfa-2cd409f6ce30/data_netcdf.nc"
  }
},
{
  "model": "custom_mosaic_tool.custommosaictooltask",
  "pk": "be3cf0af-ab67-466a-be50-2d470f3db33f",
  "fields": {
    "title": "Custom Mosaic Query",
    "description": "None",
    "execution_start": "2019-04-02T18:10:19.332Z",
    "execution_end": "2019-04-02T18:10:27.197Z",
    "area_id": "togo",
    "satellite": 1,
    "time_start": "2012-06-06",
    "time_end": "2013-06-06",
    "latitude_min": 5.7567,
    "latitude_max": 5.7799,
    "longitude_min": 0.6971,
    "longitude_max": 0.7495,
    "pixel_drill_task": false,
    "complete": true,
    "pixel_count": 16684,
    "clean_pixel_count": 16236,
    "percentage_clean_pixels": 97.3147926156797,
    "acquisition_list": "05/07/2013,04/21/2013,04/05/2013,01/31/2013,12/30/2012,12/14/2012,11/28/2012,10/27/2012,10/11/2012,09/25/2012,09/09/2012",
    "clean_pixels_per_acquisition": "0,7181,9224,1154,6372,8895,2033,2310,0,8848,9008",
    "clean_pixel_percentages_per_acquisition": "0.0,43.04123711340206,55.2865020378806,6.916806521217933,38.19228002877008,53.31455286502038,12.185327259649965,13.845600575401582,0.0,53.03284584032606,53.99184847758331",
    "status": "OK",
    "message": "All products have been generated. Your result will be loaded on the map.",
    "scenes_processed": 11,
    "total_scenes": 11,
    "result_path": "/datacube/ui_results/custom_mosaic_tool/be3cf0af-ab67-466a-be50-2d470f3db33f/png_mosaic.png",
    "query_type": 1,
    "animated_product": 0,
    "compositor": "geo_median",
    "satellite_list": "LANDSAT_7,LANDSAT_7,LANDSAT_7,LANDSAT_7,LANDSAT_7,LANDSAT_7,LANDSAT_7,LANDSAT_7,LANDSAT_7,LANDSAT_7,LANDSAT_7",
    "result_filled_path": "/datacube/ui_results/custom_mosaic_tool/be3cf0af-ab67-466a-be50-2d470f3db33f/filled_png_mosaic.png",
    "plot_path": "/datacube/ui_results/custom_mosaic_tool/be3cf0af-ab67-466a-be50-2d470f3db33f/plot_path.png",
    "animation_path": "",
    "data_path": "/datacube/ui_results/custom_mosaic_tool/be3cf0af-ab67-466a-be50-2d470f3db33f/data_tif.tif",
    "data_netcdf_path": "/datacube/ui_results/custom_mosaic_tool/be3cf0af-ab67-466a-be50-2d470f3db33f/data_netcdf.nc"
  }
},
{
  "model": "custom_mosaic_tool.custommosaictooltask",
  "pk": "de657402-4a32-4b81-b34f-96965d931353",
  "fields": {
    "title": "Custom Mosaic Query",
    "description": "None",
    "execution_start": "2019-04-01T18:52:11.132Z",
    "execution_end": "2019-04-01T18:52:17.579Z",
    "area_id": "ghana",
    "satellite": 1,
    "time_start": "2015-06-06",
    "time_end": "2016-06-06",
    "latitude_min": 9.1861,
    "latitude_max": 9.6453,
    "longitude_min": -3.5863,
    "longitude_max": -3.2073,
    "pixel_drill_task": false,
    "complete": true,
    "pixel_count": 1869903,
    "clean_pixel_count": 115793,
    "percentage_clean_pixels": 6.19246025061193,
    "acquisition_list": "05/20/2016,05/04/2016,04/02/2016,03/17/2016,02/14/2016,01/29/2016,01/13/2016,12/28/2015,12/12/2015,11/26/2015,11/10/2015,10/25/2015,08/06/2015",
    "clean_pixels_per_acquisition": "14777,34658,13096,0,42615,10936,80319,40072,42967,26116,25258,11789,0",
    "clean_pixel_percentages_per_acquisition": "0.7902548955747972,1.8534651262659079,0.700357184303143,0.0,2.2789952206076998,0.5848431710094053,4.2953564971017215,2.142998861438267,2.2978197264777904,1.3966499866570619,1.350765253598716,0.6304605105184601,0.0",
    "status": "OK",
    "message": "All products have been generated. Your result will be loaded on the map.",
    "scenes_processed": 13,
    "total_scenes": 13,
    "result_path": "/datacube/ui_results/custom_mosaic_tool/de657402-4a32-4b81-b34f-96965d931353/png_mosaic.png",
    "query_type": 1,
    "animated_product": 0,
    "compositor": "least_recent",
    "satellite_list": "LANDSAT_7,LANDSAT_7,LANDSAT_7,LANDSAT_7,LANDSAT_7,LANDSAT_7,LANDSAT_7,LANDSAT_7,LANDSAT_7,LANDSAT_7,LANDSAT_7,LANDSAT_7,LANDSAT_7",
    "result_filled_path": "/datacube/ui_results/custom_mosaic_tool/de657402-4a32-4b81-b34f-96965d931353/filled_png_mosaic.png",
    "plot_path": "/datacube/ui_results/custom_mosaic_tool/de657402-4a32-4b81-b34f-96965d931353/plot_path.png",
    "animation_path": "",
    "data_path": "/datacube/ui_results/custom_mosaic_tool/de657402-4a32-4b81-b34f-96965d931353/data_tif.tif",
    "data_netcdf_path": "/datacube/ui_results/custom_mosaic_tool/de657402-4a32-4b81-b34f-96965d931353/data_netcdf.nc"
  }
},
{
  "model": "custom_mosaic_tool.custommosaictooltask",
  "pk": "e5d75ac2-76e1-4e1e-a100-c410e01bdd9c",
  "fields": {
    "title": "Custom Mosaic Query",
    "description": "None",
    "execution_start": "2019-04-02T18:15:38.185Z",
    "execution_end": "2019-04-02T18:15:38.185Z",
    "area_id": "togo",
    "satellite": 1,
    "time_start": "2013-06-06",
    "time_end": "2014-06-06",
    "latitude_min": 5.8092,
    "latitude_max": 5.8345,
    "longitude_min": 0.7614,
    "longitude_max": 0.7818,
    "pixel_drill_task": false,
    "complete": true,
    "pixel_count": 0,
    "clean_pixel_count": 0,
    "percentage_clean_pixels": 0.0,
    "acquisition_list": "",
    "clean_pixels_per_acquisition": "",
    "clean_pixel_percentages_per_acquisition": "",
    "status": "ERROR",
    "message": "Animations cannot be generated for median pixel operations.",
    "scenes_processed": 0,
    "total_scenes": 0,
    "result_path": "",
    "query_type": 1,
    "animated_product": 1,
    "compositor": "median_pixel",
    "satellite_list": "",
    "result_filled_path": "",
    "plot_path": "",
    "animation_path": "None",
    "data_path": "",
    "data_netcdf_path": ""
  }
},
{
  "model": "custom_mosaic_tool.custommosaictooltask",
  "pk": "f8ceac52-594e-4525-97e8-0f8b3c59bb83",
  "fields": {
    "title": "Custom Mosaic Query",
    "description": "None",
    "execution_start": "2019-04-02T18:16:45.289Z",
    "execution_end": "2019-04-02T18:16:48.039Z",
    "area_id": "togo",
    "satellite": 1,
    "time_start": "2013-06-06",
    "time_end": "2014-06-06",
    "latitude_min": 5.8092,
    "latitude_max": 5.8345,
    "longitude_min": 0.7614,
    "longitude_max": 0.7818,
    "pixel_drill_task": false,
    "complete": true,
    "pixel_count": 7238,
    "clean_pixel_count": 6944,
    "percentage_clean_pixels": 95.9381044487427,
    "acquisition_list": "03/07/2014,02/19/2014,02/03/2014,01/18/2014,01/02/2014,12/17/2013,12/01/2013,08/27/2013,08/11/2013,07/10/2013,06/08/2013",
    "clean_pixels_per_acquisition": "0,4,0,914,2440,4187,0,0,4059,0,2961",
    "clean_pixel_percentages_per_acquisition": "0.0,0.055263885051119094,0.0,12.627797734180714,33.71096988118265,57.84747167725891,0.0,0.0,56.0790273556231,0.0,40.90909090909091",
    "status": "OK",
    "message": "All products have been generated. Your result will be loaded on the map.",
    "scenes_processed": 11,
    "total_scenes": 11,
    "result_path": "/datacube/ui_results/custom_mosaic_tool/f8ceac52-594e-4525-97e8-0f8b3c59bb83/png_mosaic.png",
    "query_type": 1,
    "animated_product": 2,
    "compositor": "least_recent",
    "satellite_list": "LANDSAT_7,LANDSAT_7,LANDSAT_7,LANDSAT_7,LANDSAT_7,LANDSAT_7,LANDSAT_7,LANDSAT_7,LANDSAT_7,LANDSAT_7,LANDSAT_7",
    "result_filled_path": "/datacube/ui_results/custom_mosaic_tool/f8ceac52-594e-4525-97e8-0f8b3c59bb83/filled_png_mosaic.png",
    "plot_path": "/datacube/ui_results/custom_mosaic_tool/f8ceac52-594e-4525-97e8-0f8b3c59bb83/plot_path.png",
    "animation_path": "/datacube/ui_results/custom_mosaic_tool/f8ceac52-594e-4525-97e8-0f8b3c59bb83/animation.gif",
    "data_path": "/datacube/ui_results/custom_mosaic_tool/f8ceac52-594e-4525-97e8-0f8b3c59bb83/data_tif.tif",
    "data_netcdf_path": "/datacube/ui_results/custom_mosaic_tool/f8ceac52-594e-4525-97e8-0f8b3c59bb83/data_netcdf.nc"
  }
},
{
  "model": "custom_mosaic_tool.custommosaictooltask",
  "pk": "f995c3f1-c39e-45e2-bb1e-f18bd5be26b1",
  "fields": {
    "title": "Custom Mosaic Query",
    "description": "None",
    "execution_start": "2019-04-02T18:09:23.326Z",
    "execution_end": "2019-04-02T18:09:25.060Z",
    "area_id": "togo",
    "satellite": 1,
    "time_start": "2015-06-06",
    "time_end": "2016-06-06",
    "latitude_min": 5.8491,
    "latitude_max": 5.9306,
    "longitude_min": 0.6759,
    "longitude_max": 0.7381,
    "pixel_drill_task": false,
    "complete": true,
    "pixel_count": 69460,
    "clean_pixel_count": 65005,
    "percentage_clean_pixels": 93.586236682983,
    "acquisition_list": "04/29/2016,04/13/2016,02/25/2016,02/09/2016,01/24/2016,01/08/2016,12/23/2015,12/07/2015,11/05/2015,10/20/2015,08/01/2015",
    "clean_pixels_per_acquisition": "16575,548,1334,918,32359,38350,27971,0,8357,0,25565",
    "clean_pixel_percentages_per_acquisition": "23.862654765332564,0.7889432767060178,1.9205298013245033,1.3216239562338037,46.58652461848546,55.21163259429888,40.26921969478837,0.0,12.031384969766773,0.0,36.80535560034552",
    "status": "OK",
    "message": "All products have been generated. Your result will be loaded on the map.",
    "scenes_processed": 11,
    "total_scenes": 11,
    "result_path": "/datacube/ui_results/custom_mosaic_tool/f995c3f1-c39e-45e2-bb1e-f18bd5be26b1/png_mosaic.png",
    "query_type": 1,
    "animated_product": 0,
    "compositor": "median_pixel",
    "satellite_list": "LANDSAT_7,LANDSAT_7,LANDSAT_7,LANDSAT_7,LANDSAT_7,LANDSAT_7,LANDSAT_7,LANDSAT_7,LANDSAT_7,LANDSAT_7,LANDSAT_7",
    "result_filled_path": "/datacube/ui_results/custom_mosaic_tool/f995c3f1-c39e-45e2-bb1e-f18bd5be26b1/filled_png_mosaic.png",
    "plot_path": "/datacube/ui_results/custom_mosaic_tool/f995c3f1-c39e-45e2-bb1e-f18bd5be26b1/plot_path.png",
    "animation_path": "",
    "data_path": "/datacube/ui_results/custom_mosaic_tool/f995c3f1-c39e-45e2-bb1e-f18bd5be26b1/data_tif.tif",
    "data_netcdf_path": "/datacube/ui_results/custom_mosaic_tool/f995c3f1-c39e-45e2-bb1e-f18bd5be26b1/data_netcdf.nc"
  }
},
{
  "model": "dc_algorithm.satellite",
  "pk": 1,
  "fields": {
    "datacube_platform": "LANDSAT_7",
    "name": "Landsat 7",
    "product_prefix": "ls7_ledaps_",
    "date_min": "1999-04-15",
    "date_max": "2018-06-06",
    "data_min": 0.0,
    "data_max": 4096.0,
    "measurements": "blue,green,red,nir,swir1,swir2,pixel_qa",
    "no_data_value": -9999.0
  }
},
{
  "model": "dc_algorithm.satellite",
  "pk": 2,
  "fields": {
    "datacube_platform": "LANDSAT_8",
    "name": "Landsat 8",
    "product_prefix": "ls8_lasrc_",
    "date_min": "2013-02-11",
    "date_max": "2018-06-06",
    "data_min": 0.0,
    "data_max": 4096.0,
    "measurements": "blue,green,red,nir,swir1,swir2,pixel_qa",
    "no_data_value": -9999.0
  }
},
{
  "model": "dc_algorithm.satellite",
  "pk": 3,
  "fields": {
    "datacube_platform": "LANDSAT_5",
    "name": "Landsat 5",
    "product_prefix": "ls5_ledaps_",
    "date_min": "1984-03-01",
    "date_max": "1999-02-08",
    "data_min": 0.0,
    "data_max": 4096.0,
    "measurements": "blue,green,red,nir,swir1,swir2,pixel_qa",
    "no_data_value": -9999.0
  }
},
{
  "model": "dc_algorithm.satellite",
  "pk": 4,
  "fields": {
    "datacube_platform": "LANDSAT_5,LANDSAT_7,LANDSAT_8",
    "name": "Landsat 5/7/8",
    "product_prefix": "ls5_leaps_,ls7_ledaps_,ls8_lasrc_",
    "date_min": "1984-03-01",
    "date_max": "2018-06-06",
    "data_min": 0.0,
    "data_max": 4096.0,
    "measurements": "blue,green,red,nir,swir1,swir2,pixel_qa",
    "no_data_value": -9999.0
  }
},
{
  "model": "dc_algorithm.satellite",
  "pk": 5,
  "fields": {
    "datacube_platform": "SENTINEL_1A",
    "name": "Sentinel-1A",
    "product_prefix": "s1_gamma0_",
    "date_min": "2015-01-01",
    "date_max": "2017-03-16",
    "data_min": 0.0,
    "data_max": 100.0,
    "measurements": "vv,vh",
    "no_data_value": 0.0
  }
},
{
  "model": "dc_algorithm.satellite",
  "pk": 6,
  "fields": {
    "datacube_platform": "LANDSAT_7,LANDSAT_8",
    "name": "Landsat 7/8",
    "product_prefix": "ls7_ledaps_,ls8_lasrc_",
    "date_min": "1999-04-15",
    "date_max": "2018-06-06",
    "data_min": 0.0,
    "data_max": 4096.0,
    "measurements": "blue,green,red,nir,swir1,swir2,pixel_qa",
    "no_data_value": -9999.0
  }
},
{
  "model": "dc_algorithm.area",
  "pk": "bangladesh",
  "fields": {
    "name": "Bangladesh",
    "latitude_min": 23.5,
    "latitude_max": 25.6,
    "longitude_min": 89.25,
    "longitude_max": 92.0,
    "thumbnail_imagery": "/static/assets/images/thumbnails/area_thumbnails/bangladesh_thumbnail_88E_93E_22N27N.png",
    "satellites": [
      1,
      3
    ]
  }
},
{
  "model": "dc_algorithm.area",
  "pk": "bangladesh_bari",
  "fields": {
    "name": "Bangladesh (BARI)",
    "latitude_min": 23.5,
    "latitude_max": 25.6,
    "longitude_min": 87.8,
    "longitude_max": 91.2,
    "thumbnail_imagery": "/static/assets/images/thumbnails/area_thumbnails/bangladesh_thumbnail_88E_93E_22N27N.png",
    "satellites": [
      1
    ]
  }
},
{
  "model": "dc_algorithm.area",
  "pk": "caqueta",
  "fields": {
    "name": "Caqueta",
    "latitude_min": 0.0,
    "latitude_max": 1.0,
    "longitude_min": -75.0,
    "longitude_max": -73.8,
    "thumbnail_imagery": "/static/assets/images/thumbnails/area_thumbnails/caqueta_-75_-.1_-73.8_1.1.png",
    "satellites": [
      1,
      2,
      6
    ]
  }
},
{
  "model": "dc_algorithm.area",
  "pk": "colombia",
  "fields": {
    "name": "Colombia Micro Cube",
    "latitude_min": -1.0,
    "latitude_max": 2.5,
    "longitude_min": -77.2,
    "longitude_max": -73.7,
    "thumbnail_imagery": "/static/assets/images/thumbnails/area_thumbnails/colombia_thumbnail_78W_71W_2S_4N.png",
    "satellites": [
      1
    ]
  }
},
{
  "model": "dc_algorithm.area",
  "pk": "ghana",
  "fields": {
    "name": "Ghana",
    "latitude_min": 7.7,
    "latitude_max": 9.7,
    "longitude_min": -3.6,
    "longitude_max": -1.4,
    "thumbnail_imagery": "/static/assets/images/thumbnails/area_thumbnails/ghana_thumbnail_-5_6_0_11.png",
    "satellites": [
      1
    ]
  }
},
{
  "model": "dc_algorithm.area",
  "pk": "kenya",
  "fields": {
    "name": "Kenya Micro Cube",
    "latitude_min": -1.0,
    "latitude_max": 1.0,
    "longitude_min": 34.0,
    "longitude_max": 37.0,
    "thumbnail_imagery": "/static/assets/images/thumbnails/area_thumbnails/kenya_micro_cube_32E_39E_3_5S_3_5N.png",
    "satellites": [
      1
    ]
  }
},
{
  "model": "dc_algorithm.area",
  "pk": "lake_baringo",
  "fields": {
    "name": "Lake Baringo",
    "latitude_min": 0.5,
    "latitude_max": 0.75,
    "longitude_min": 36.0,
    "longitude_max": 36.25,
    "thumbnail_imagery": "/static/assets/images/thumbnails/area_thumbnails/lake_baringo_thumbnail_34E_37E_1S_1N.png",
    "satellites": [
      1
    ]
  }
},
{
  "model": "dc_algorithm.area",
  "pk": "lake_chad_full",
  "fields": {
    "name": "Full Lake Chad",
    "latitude_min": 12.125,
    "latitude_max": 13.975,
    "longitude_min": 13.65,
    "longitude_max": 15.5,
    "thumbnail_imagery": "/static/assets/images/thumbnails/area_thumbnails/lake_chad_full_thumbnail_0_1E_35N_37N.png",
    "satellites": [
      1,
      2,
      3,
      4
    ]
  }
},
{
  "model": "dc_algorithm.area",
  "pk": "lake_cortijo",
  "fields": {
    "name": "Lake Cortijo",
    "latitude_min": 3.3,
    "latitude_max": 5.3,
    "longitude_min": -75.75,
    "longitude_max": -73.3,
    "thumbnail_imagery": "/static/assets/images/thumbnails/area_thumbnails/cortijo_thumbnail_-77W_-72W_1.5N_6.5N.png",
    "satellites": [
      1
    ]
  }
},
{
  "model": "dc_algorithm.area",
  "pk": "meta_river",
  "fields": {
    "name": "Meta River",
    "latitude_min": 4.0,
    "latitude_max": 5.0,
    "longitude_min": -72.0,
    "longitude_max": -71.0,
    "thumbnail_imagery": "/static/assets/images/thumbnails/area_thumbnails/meta_river_thumbnail_75W_67W_0_5N_8_5N.png",
    "satellites": [
      1,
      2,
      6
    ]
  }
},
{
  "model": "dc_algorithm.area",
  "pk": "salgar_colombia",
  "fields": {
    "name": "Salgar, Colombia",
    "latitude_min": 5.9,
    "latitude_max": 6.0,
    "longitude_min": -75.925,
    "longitude_max": -75.825,
    "thumbnail_imagery": "/static/assets/images/thumbnails/area_thumbnails/colombia_thumbnail_78W_71W_2S_4N.png",
    "satellites": [
      1
    ]
  }
},
{
  "model": "dc_algorithm.area",
  "pk": "samoa",
  "fields": {
    "name": "Samoa",
    "latitude_min": -15.40142324,
    "latitude_max": -12.060745071,
    "longitude_min": -173.830319544,
    "longitude_max": -170.165372808,
    "thumbnail_imagery": "/static/assets/images/thumbnails/area_thumbnails/tonga_thumbnail_177W_174W_23S_20S.png",
    "satellites": [
      1,
      2
    ]
  }
},
{
  "model": "dc_algorithm.area",
  "pk": "togo",
  "fields": {
    "name": "Togo",
    "latitude_min": 4.25,
    "latitude_max": 7.25,
    "longitude_min": 0.0,
    "longitude_max": 3.0,
    "thumbnail_imagery": "/static/assets/images/thumbnails/area_thumbnails/togo_thumbnail_1W_4E_3N_8N.png",
    "satellites": [
      1
    ]
  }
},
{
  "model": "dc_algorithm.area",
  "pk": "tonga",
  "fields": {
    "name": "Tonga",
    "latitude_min": -23.0,
    "latitude_max": -20.0,
    "longitude_min": -177.375,
    "longitude_max": -174.375,
    "thumbnail_imagery": "/static/assets/images/thumbnails/area_thumbnails/tonga_thumbnail_177W_174W_23S_20S.png",
    "satellites": [
      1
    ]
  }
},
{
  "model": "dc_algorithm.area",
  "pk": "uruguay",
  "fields": {
    "name": "Uruguay",
    "latitude_min": -35.7,
    "latitude_max": -33.5,
    "longitude_min": -57.0,
    "longitude_max": -54.0,
    "thumbnail_imagery": "/static/assets/images/thumbnails/area_thumbnails/uruguay_thumbnail_-57E_-54E_-36.25S_-33.25S.png",
    "satellites": [
      2
    ]
  }
},
{
  "model": "dc_algorithm.area",
  "pk": "vietnam",
  "fields": {
    "name": "Vietnam",
    "latitude_min": 10.6,
    "latitude_max": 12.62,
    "longitude_min": 106.75,
    "longitude_max": 109.0,
    "thumbnail_imagery": "/static/assets/images/thumbnails/area_thumbnails/vietnam_thumbnail_105E_110E_9N_14N.png",
    "satellites": [
      1,
      2,
      6
    ]
  }
},
{
  "model": "dc_algorithm.application",
  "pk": "cloud_coverage",
  "fields": {
    "name": "Cloud Coverage",
    "color_scale": "/static/assets/images/color_scales/cloud_coverage.png",
    "application_group": 2,
    "areas": [
      "bangladesh",
      "bangladesh_bari",
      "caqueta",
      "colombia",
      "ghana",
      "kenya",
      "lake_baringo",
      "lake_chad_full",
      "lake_cortijo",
      "meta_river",
      "salgar_colombia",
      "samoa",
      "togo",
      "tonga",
      "uruguay",
      "vietnam"
    ],
    "satellites": [
      1,
      2,
      3
    ]
  }
},
{
  "model": "dc_algorithm.application",
  "pk": "coastal_change",
  "fields": {
    "name": "Coastal Change",
    "color_scale": "/static/assets/images/color_scales/coastal_change_color_scale.png",
    "application_group": 3,
    "areas": [
      "ghana",
      "kenya",
      "samoa",
      "togo",
      "tonga",
      "vietnam"
    ],
    "satellites": [
      1,
      2,
      3
    ]
  }
},
{
  "model": "dc_algorithm.application",
  "pk": "custom_mosaic_tool",
  "fields": {
    "name": "Custom Mosaic",
    "color_scale": null,
    "application_group": 2,
    "areas": [
      "bangladesh",
      "bangladesh_bari",
      "caqueta",
      "colombia",
      "ghana",
      "kenya",
      "lake_baringo",
      "lake_chad_full",
      "lake_cortijo",
      "meta_river",
      "salgar_colombia",
      "samoa",
      "togo",
      "tonga",
      "uruguay",
      "vietnam"
    ],
    "satellites": [
      1,
      2,
      3,
      4,
      6
    ]
  }
},
{
  "model": "dc_algorithm.application",
  "pk": "fractional_cover",
  "fields": {
    "name": "Fractional Cover",
    "color_scale": "/static/assets/images/color_scales/fractional_cover_color_scale.png",
    "application_group": 2,
    "areas": [
      "bangladesh",
      "bangladesh_bari",
      "caqueta",
      "colombia",
      "ghana",
      "kenya",
      "lake_baringo",
      "lake_chad_full",
      "lake_cortijo",
      "meta_river",
      "salgar_colombia",
      "samoa",
      "togo",
      "tonga",
      "uruguay",
      "vietnam"
    ],
    "satellites": [
      1,
      2,
      3,
      4,
      6
    ]
  }
},
{
  "model": "dc_algorithm.application",
  "pk": "spectral_anomaly",
  "fields": {
    "name": "Spectral Anomaly",
    "color_scale": "/static/assets/images/color_scales/spectral_anomaly_color_scale.png",
    "application_group": 2,
    "areas": [
      "bangladesh_bari",
      "lake_chad_full",
      "uruguay",
      "caqueta",
      "lake_cortijo",
      "togo",
      "lake_baringo",
      "salgar_colombia",
      "meta_river",
      "vietnam",
      "bangladesh",
      "ghana",
      "tonga",
      "samoa",
      "kenya",
      "colombia"
    ],
    "satellites": [
      1,
      2
    ]
  }
},
{
  "model": "dc_algorithm.application",
  "pk": "spectral_indices",
  "fields": {
    "name": "Spectral Indices",
    "color_scale": null,
    "application_group": 2,
    "areas": [
      "kenya",
      "lake_cortijo",
      "togo",
      "tonga",
      "vietnam",
      "lake_baringo",
      "bangladesh",
      "ghana",
      "meta_river",
      "salgar_colombia",
      "colombia",
      "lake_chad_full",
      "samoa"
    ],
    "satellites": [
      1,
      2,
      3
    ]
  }
},
{
  "model": "dc_algorithm.application",
  "pk": "tsm",
  "fields": {
    "name": "Water Quality TSM",
    "color_scale": "/static/assets/images/color_scales/tsm_color_scale.png",
    "application_group": 3,
    "areas": [
      "ghana",
      "kenya",
      "lake_baringo",
      "lake_chad_full",
      "meta_river",
      "samoa",
      "uruguay",
      "vietnam"
    ],
    "satellites": [
      1,
      2,
      3,
      4,
      6
    ]
  }
},
{
  "model": "dc_algorithm.application",
  "pk": "urbanization",
  "fields": {
    "name": "NDBI-NDVI-NDWI",
    "color_scale": "/static/assets/images/color_scales/urbanization.png",
    "application_group": 2,
    "areas": [
      "kenya",
      "lake_cortijo",
      "togo",
      "tonga",
      "vietnam",
      "lake_baringo",
      "bangladesh",
      "ghana",
      "meta_river",
      "salgar_colombia",
      "colombia",
      "lake_chad_full",
      "samoa"
    ],
    "satellites": [
      1,
      2,
      3
    ]
  }
},
{
  "model": "dc_algorithm.application",
  "pk": "water_detection",
  "fields": {
    "name": "Water Detection",
    "color_scale": "/static/assets/images/color_scales/water_detection_color_scale.png",
    "application_group": 3,
    "areas": [
      "lake_baringo",
      "uruguay",
      "lake_chad_full",
      "vietnam",
      "meta_river",
      "tonga",
      "samoa",
      "kenya",
      "ghana"
    ],
    "satellites": [
      1,
      2,
      3,
      4,
      6
    ]
  }
},
{
  "model": "dc_algorithm.applicationgroup",
  "pk": 2,
  "fields": {
    "name": "Land"
  }
},
{
  "model": "dc_algorithm.applicationgroup",
  "pk": 3,
  "fields": {
    "name": "Water"
  }
},
{
  "model": "dc_algorithm.compositor",
  "pk": "geo_median",
  "fields": {
    "name": "Geometric Median"
  }
},
{
  "model": "dc_algorithm.compositor",
  "pk": "least_recent",
  "fields": {
    "name": "Least Recent Pixel"
  }
},
{
  "model": "dc_algorithm.compositor",
  "pk": "max_ndvi",
  "fields": {
    "name": "Max NDVI Pixel"
  }
},
{
  "model": "dc_algorithm.compositor",
  "pk": "median_pixel",
  "fields": {
    "name": "Median Pixel"
  }
},
{
  "model": "dc_algorithm.compositor",
  "pk": "min_ndvi",
  "fields": {
    "name": "Min NDVI Pixel"
  }
},
{
  "model": "dc_algorithm.compositor",
  "pk": "most_recent",
  "fields": {
    "name": "Most Recent Pixel"
  }
},
{
  "model": "fractional_cover.userhistory",
  "pk": 139,
  "fields": {
    "user_id": 550,
    "task_id": "83ef9f9d-642f-4cfb-b8c4-87a7e3721088"
  }
},
{
  "model": "fractional_cover.userhistory",
  "pk": 143,
  "fields": {
    "user_id": 550,
    "task_id": "2b34c0ae-bfd3-4b87-9571-ecbc41345a59"
  }
},
{
  "model": "fractional_cover.userhistory",
  "pk": 144,
  "fields": {
    "user_id": 550,
    "task_id": "c39aa05a-50df-4245-916a-eafce951848e"
  }
},
{
  "model": "fractional_cover.userhistory",
  "pk": 145,
  "fields": {
    "user_id": 550,
    "task_id": "4b10c527-af06-46d6-b452-fc988c2f2a97"
  }
},
{
  "model": "fractional_cover.userhistory",
  "pk": 146,
  "fields": {
    "user_id": 550,
    "task_id": "9934684a-7c5c-42ea-92b0-e26399f858d1"
  }
},
{
  "model": "fractional_cover.userhistory",
  "pk": 147,
  "fields": {
    "user_id": 550,
    "task_id": "9d0dc32d-4570-4f7c-ab8a-031741a9dd23"
  }
},
{
  "model": "fractional_cover.userhistory",
  "pk": 148,
  "fields": {
    "user_id": 550,
    "task_id": "54e82fbe-74b4-4b85-a62f-d115eac1e84d"
  }
},
{
  "model": "fractional_cover.userhistory",
  "pk": 149,
  "fields": {
    "user_id": 550,
    "task_id": "e39b23c2-3e9f-4c7e-88eb-13c34e393071"
  }
},
{
  "model": "fractional_cover.userhistory",
  "pk": 154,
  "fields": {
    "user_id": 550,
    "task_id": "0036ddc5-6c52-40da-a9a3-803cf05eede9"
  }
},
{
  "model": "fractional_cover.userhistory",
  "pk": 155,
  "fields": {
    "user_id": 550,
    "task_id": "4e64dfac-6a96-441c-b962-7f133eba905c"
  }
},
{
  "model": "fractional_cover.userhistory",
  "pk": 156,
  "fields": {
    "user_id": 550,
    "task_id": "c1b12a3a-f7f1-4e79-8474-38859958aec9"
  }
},
{
  "model": "fractional_cover.userhistory",
  "pk": 158,
  "fields": {
    "user_id": 550,
    "task_id": "de4ba52f-259c-412d-82d1-7cd5ed6e957b"
  }
},
{
  "model": "fractional_cover.userhistory",
  "pk": 159,
  "fields": {
    "user_id": 550,
    "task_id": "5a012878-02a1-4262-a578-2f000fb688df"
  }
},
{
  "model": "fractional_cover.userhistory",
  "pk": 160,
  "fields": {
    "user_id": 550,
    "task_id": "5560a581-4a7a-4513-90f2-39a0cc5bd5c7"
  }
},
{
  "model": "fractional_cover.userhistory",
  "pk": 161,
  "fields": {
    "user_id": 550,
    "task_id": "0d92036b-a76c-49a5-bd05-346b6c3dd532"
  }
},
{
  "model": "fractional_cover.toolinfo",
  "pk": 4,
  "fields": {
    "image_path": "/static/assets/images/thumbnails/fractional_cover_1.png",
    "image_title": "Fractional Coverage",
    "image_description": "The Fractional Coverage tool allows users to create a three band output product used to visualize the sub pixel composition of selected areas. Pixels are classified as a percentage of photosynthetic vegetation, non-photosynthetic vegetation, and bare soil."
  }
},
{
  "model": "fractional_cover.toolinfo",
  "pk": 5,
  "fields": {
    "image_path": "/static/assets/images/thumbnails/fractional_cover_2.png",
    "image_title": "Pixel Preference",
    "image_description": "Pick a compositing algorithm (most recent, least recent, median, geometric median, or min/max NDVI) that will produce the desired mosaic for the fractional cover application."
  }
},
{
  "model": "fractional_cover.toolinfo",
  "pk": 6,
  "fields": {
    "image_path": "/static/assets/images/thumbnails/fractional_cover_3.png",
    "image_title": "Downloads",
    "image_description": "All products (both data and images) are available for download in various formats, including GeoTIFF, NetCDF, and PNG."
  }
},
{
  "model": "fractional_cover.fractionalcovertask",
  "pk": "0036ddc5-6c52-40da-a9a3-803cf05eede9",
  "fields": {
    "title": "Fractional Cover Query",
    "description": "None",
    "execution_start": "2019-04-01T18:52:56.682Z",
    "execution_end": "2019-04-01T18:53:15.460Z",
    "area_id": "ghana",
    "satellite": 1,
    "time_start": "2015-06-06",
    "time_end": "2016-06-06",
    "latitude_min": 9.1861,
    "latitude_max": 9.6453,
    "longitude_min": -3.5863,
    "longitude_max": -3.2073,
    "pixel_drill_task": false,
    "complete": true,
    "pixel_count": 1869903,
    "clean_pixel_count": 115793,
    "percentage_clean_pixels": 6.19246025061193,
    "acquisition_list": "05/20/2016,05/04/2016,04/02/2016,03/17/2016,02/14/2016,01/29/2016,01/13/2016,12/28/2015,12/12/2015,11/26/2015,11/10/2015,10/25/2015,08/06/2015",
    "clean_pixels_per_acquisition": "14777,34658,13096,0,42615,10936,80319,40072,42967,26116,25258,11789,0",
    "clean_pixel_percentages_per_acquisition": "0.7902548955747972,1.8534651262659079,0.700357184303143,0.0,2.2789952206076998,0.5848431710094053,4.2953564971017215,2.142998861438267,2.2978197264777904,1.3966499866570619,1.350765253598716,0.6304605105184601,0.0",
    "status": "OK",
    "message": "All products have been generated. Your result will be loaded on the map.",
    "scenes_processed": 13,
    "total_scenes": 13,
    "result_path": "/datacube/ui_results/fractional_cover/0036ddc5-6c52-40da-a9a3-803cf05eede9/band_math.png",
    "compositor": "least_recent",
    "satellite_list": "LANDSAT_7,LANDSAT_7,LANDSAT_7,LANDSAT_7,LANDSAT_7,LANDSAT_7,LANDSAT_7,LANDSAT_7,LANDSAT_7,LANDSAT_7,LANDSAT_7,LANDSAT_7,LANDSAT_7",
    "mosaic_path": "/datacube/ui_results/fractional_cover/0036ddc5-6c52-40da-a9a3-803cf05eede9/png_mosaic.png",
    "plot_path": "/datacube/ui_results/fractional_cover/0036ddc5-6c52-40da-a9a3-803cf05eede9/plot_path.png",
    "data_path": "/datacube/ui_results/fractional_cover/0036ddc5-6c52-40da-a9a3-803cf05eede9/data_tif.tif",
    "data_netcdf_path": "/datacube/ui_results/fractional_cover/0036ddc5-6c52-40da-a9a3-803cf05eede9/data_netcdf.nc"
  }
},
{
  "model": "fractional_cover.fractionalcovertask",
  "pk": "0d92036b-a76c-49a5-bd05-346b6c3dd532",
  "fields": {
    "title": "Fractional Cover Query",
    "description": "None",
    "execution_start": "2019-04-02T19:10:55.818Z",
    "execution_end": "2019-04-02T19:11:00.720Z",
    "area_id": "togo",
    "satellite": 1,
    "time_start": "2015-06-06",
    "time_end": "2016-06-06",
    "latitude_min": 6.1483,
    "latitude_max": 6.1946,
    "longitude_min": 0.9703,
    "longitude_max": 1.0228,
    "pixel_drill_task": false,
    "complete": true,
    "pixel_count": 33540,
    "clean_pixel_count": 31288,
    "percentage_clean_pixels": 93.2856290995826,
    "acquisition_list": "04/29/2016,04/13/2016,02/25/2016,02/09/2016,01/24/2016,01/08/2016,12/23/2015,12/07/2015,11/05/2015,10/20/2015,08/01/2015",
    "clean_pixels_per_acquisition": "5893,17077,8030,24,21620,0,20181,0,7094,0,12006",
    "clean_pixel_percentages_per_acquisition": "17.570065593321406,50.915324985092425,23.941562313655336,0.07155635062611806,64.4603458556947,0.0,60.169946332737034,0.0,21.150864639236733,0.0,35.796064400715565",
    "status": "OK",
    "message": "All products have been generated. Your result will be loaded on the map.",
    "scenes_processed": 11,
    "total_scenes": 11,
    "result_path": "/datacube/ui_results/fractional_cover/0d92036b-a76c-49a5-bd05-346b6c3dd532/band_math.png",
    "compositor": "least_recent",
    "satellite_list": "LANDSAT_7,LANDSAT_7,LANDSAT_7,LANDSAT_7,LANDSAT_7,LANDSAT_7,LANDSAT_7,LANDSAT_7,LANDSAT_7,LANDSAT_7,LANDSAT_7",
    "mosaic_path": "/datacube/ui_results/fractional_cover/0d92036b-a76c-49a5-bd05-346b6c3dd532/png_mosaic.png",
    "plot_path": "/datacube/ui_results/fractional_cover/0d92036b-a76c-49a5-bd05-346b6c3dd532/plot_path.png",
    "data_path": "/datacube/ui_results/fractional_cover/0d92036b-a76c-49a5-bd05-346b6c3dd532/data_tif.tif",
    "data_netcdf_path": "/datacube/ui_results/fractional_cover/0d92036b-a76c-49a5-bd05-346b6c3dd532/data_netcdf.nc"
  }
},
{
  "model": "fractional_cover.fractionalcovertask",
  "pk": "22a6db2a-b785-4ed4-a1e2-5ca6ca1fd244",
  "fields": {
    "title": "Fractional Cover Query",
    "description": "None",
    "execution_start": "2019-04-01T16:30:05.084Z",
    "execution_end": "2019-04-01T16:30:07.683Z",
    "area_id": "bangladesh_bari",
    "satellite": 1,
    "time_start": "2015-06-06",
    "time_end": "2016-06-06",
    "latitude_min": 24.7184,
    "latitude_max": 24.7876,
    "longitude_min": 88.6228,
    "longitude_max": 88.6852,
    "pixel_drill_task": false,
    "complete": true,
    "pixel_count": 54484,
    "clean_pixel_count": 54484,
    "percentage_clean_pixels": 100.0,
    "acquisition_list": "12/29/2015,12/13/2015,11/27/2015,11/11/2015,10/10/2015,09/08/2015",
    "clean_pixels_per_acquisition": "38720,18378,38445,11940,38358,32945",
    "clean_pixel_percentages_per_acquisition": "71.06673518831217,33.73100359738639,70.5619998531679,21.914690551354525,70.40231994714044,60.46729315028265",
    "status": "CANCELLED",
    "message": "The task has been cancelled.",
    "scenes_processed": 6,
    "total_scenes": 6,
    "result_path": "/datacube/ui_results/fractional_cover/22a6db2a-b785-4ed4-a1e2-5ca6ca1fd244/band_math.png",
    "compositor": "least_recent",
    "satellite_list": "LANDSAT_7,LANDSAT_7,LANDSAT_7,LANDSAT_7,LANDSAT_7,LANDSAT_7",
    "mosaic_path": "/datacube/ui_results/fractional_cover/22a6db2a-b785-4ed4-a1e2-5ca6ca1fd244/png_mosaic.png",
    "plot_path": "/datacube/ui_results/fractional_cover/22a6db2a-b785-4ed4-a1e2-5ca6ca1fd244/plot_path.png",
    "data_path": "/datacube/ui_results/fractional_cover/22a6db2a-b785-4ed4-a1e2-5ca6ca1fd244/data_tif.tif",
    "data_netcdf_path": "/datacube/ui_results/fractional_cover/22a6db2a-b785-4ed4-a1e2-5ca6ca1fd244/data_netcdf.nc"
  }
},
{
  "model": "fractional_cover.fractionalcovertask",
  "pk": "2a9d60b0-4a94-4d05-944f-72e3b6bd6753",
  "fields": {
    "title": "Fractional Cover Query",
    "description": "None",
    "execution_start": "2019-04-01T16:30:21.114Z",
    "execution_end": "2019-04-01T16:30:21.114Z",
    "area_id": "bangladesh_bari",
    "satellite": 1,
    "time_start": "2015-06-06",
    "time_end": "2016-06-06",
    "latitude_min": 24.0937,
    "latitude_max": 24.397,
    "longitude_min": 88.1378,
    "longitude_max": 88.602,
    "pixel_drill_task": false,
    "complete": false,
    "pixel_count": 0,
    "clean_pixel_count": 0,
    "percentage_clean_pixels": 0.0,
    "acquisition_list": "",
    "clean_pixels_per_acquisition": "",
    "clean_pixel_percentages_per_acquisition": "",
    "status": "CANCELLED",
    "message": "The task has been cancelled.",
    "scenes_processed": 6,
    "total_scenes": 192,
    "result_path": "",
    "compositor": "least_recent",
    "satellite_list": "",
    "mosaic_path": "",
    "plot_path": "",
    "data_path": "",
    "data_netcdf_path": ""
  }
},
{
  "model": "fractional_cover.fractionalcovertask",
  "pk": "2b34c0ae-bfd3-4b87-9571-ecbc41345a59",
  "fields": {
    "title": "Fractional Cover Query",
    "description": "None",
    "execution_start": "2019-04-01T16:27:16.696Z",
    "execution_end": "2019-04-01T16:27:26.165Z",
    "area_id": "bangladesh_bari",
    "satellite": 1,
    "time_start": "2015-06-06",
    "time_end": "2016-06-06",
    "latitude_min": 24.8882,
    "latitude_max": 25.0452,
    "longitude_min": 88.2625,
    "longitude_max": 88.5189,
    "pixel_drill_task": false,
    "complete": true,
    "pixel_count": 505470,
    "clean_pixel_count": 358039,
    "percentage_clean_pixels": 70.8328882030585,
    "acquisition_list": "12/29/2015,12/13/2015,11/27/2015,11/11/2015,10/10/2015,09/08/2015",
    "clean_pixels_per_acquisition": "222525,81095,209286,124667,203947,193766",
    "clean_pixel_percentages_per_acquisition": "44.0233841771025,16.043484281955408,41.40423764021604,24.663580430094765,40.347992957049875,38.33382792252755",
    "status": "OK",
    "message": "All products have been generated. Your result will be loaded on the map.",
    "scenes_processed": 6,
    "total_scenes": 6,
    "result_path": "/datacube/ui_results/fractional_cover/2b34c0ae-bfd3-4b87-9571-ecbc41345a59/band_math.png",
    "compositor": "least_recent",
    "satellite_list": "LANDSAT_7,LANDSAT_7,LANDSAT_7,LANDSAT_7,LANDSAT_7,LANDSAT_7",
    "mosaic_path": "/datacube/ui_results/fractional_cover/2b34c0ae-bfd3-4b87-9571-ecbc41345a59/png_mosaic.png",
    "plot_path": "/datacube/ui_results/fractional_cover/2b34c0ae-bfd3-4b87-9571-ecbc41345a59/plot_path.png",
    "data_path": "/datacube/ui_results/fractional_cover/2b34c0ae-bfd3-4b87-9571-ecbc41345a59/data_tif.tif",
    "data_netcdf_path": "/datacube/ui_results/fractional_cover/2b34c0ae-bfd3-4b87-9571-ecbc41345a59/data_netcdf.nc"
  }
},
{
  "model": "fractional_cover.fractionalcovertask",
  "pk": "4b10c527-af06-46d6-b452-fc988c2f2a97",
  "fields": {
    "title": "Fractional Cover Query",
    "description": "None",
    "execution_start": "2019-04-01T16:27:34.855Z",
    "execution_end": "2019-04-01T16:28:27.397Z",
    "area_id": "bangladesh_bari",
    "satellite": 1,
    "time_start": "2015-06-06",
    "time_end": "2016-06-06",
    "latitude_min": 24.4853,
    "latitude_max": 24.9447,
    "longitude_min": 87.9369,
    "longitude_max": 88.5466,
    "pixel_drill_task": false,
    "complete": true,
    "pixel_count": 3515600,
    "clean_pixel_count": 1531838,
    "percentage_clean_pixels": 43.572590738423,
    "acquisition_list": "12/29/2015,12/13/2015,11/27/2015,11/11/2015,10/10/2015,09/08/2015",
    "clean_pixels_per_acquisition": "983869,35837,943655,125376,926275,956881",
    "clean_pixel_percentages_per_acquisition": "27.985806121287972,1.0193708044146093,26.84193309819092,3.5662760268517464,26.347565138240984,27.218141995676415",
    "status": "OK",
    "message": "All products have been generated. Your result will be loaded on the map.",
    "scenes_processed": 6,
    "total_scenes": 6,
    "result_path": "/datacube/ui_results/fractional_cover/4b10c527-af06-46d6-b452-fc988c2f2a97/band_math.png",
    "compositor": "least_recent",
    "satellite_list": "LANDSAT_7,LANDSAT_7,LANDSAT_7,LANDSAT_7,LANDSAT_7,LANDSAT_7",
    "mosaic_path": "/datacube/ui_results/fractional_cover/4b10c527-af06-46d6-b452-fc988c2f2a97/png_mosaic.png",
    "plot_path": "/datacube/ui_results/fractional_cover/4b10c527-af06-46d6-b452-fc988c2f2a97/plot_path.png",
    "data_path": "/datacube/ui_results/fractional_cover/4b10c527-af06-46d6-b452-fc988c2f2a97/data_tif.tif",
    "data_netcdf_path": "/datacube/ui_results/fractional_cover/4b10c527-af06-46d6-b452-fc988c2f2a97/data_netcdf.nc"
  }
},
{
  "model": "fractional_cover.fractionalcovertask",
  "pk": "4e64dfac-6a96-441c-b962-7f133eba905c",
  "fields": {
    "title": "Fractional Cover Query",
    "description": "None",
    "execution_start": "2019-04-01T19:01:30.995Z",
    "execution_end": "2019-04-01T19:01:30.995Z",
    "area_id": "ghana",
    "satellite": 1,
    "time_start": "2015-06-06",
    "time_end": "2016-06-06",
    "latitude_min": 9.4383,
    "latitude_max": 9.5724,
    "longitude_min": -1.7904,
    "longitude_max": -1.604,
    "pixel_drill_task": false,
    "complete": true,
    "pixel_count": 0,
    "clean_pixel_count": 0,
    "percentage_clean_pixels": 0.0,
    "acquisition_list": "",
    "clean_pixels_per_acquisition": "",
    "clean_pixel_percentages_per_acquisition": "",
    "status": "ERROR",
    "message": "There are no acquistions for this parameter set.",
    "scenes_processed": 0,
    "total_scenes": 0,
    "result_path": "",
    "compositor": "least_recent",
    "satellite_list": "",
    "mosaic_path": "",
    "plot_path": "",
    "data_path": "",
    "data_netcdf_path": ""
  }
},
{
  "model": "fractional_cover.fractionalcovertask",
  "pk": "54e82fbe-74b4-4b85-a62f-d115eac1e84d",
  "fields": {
    "title": "Fractional Cover Query",
    "description": "None",
    "execution_start": "2019-04-01T16:29:03.021Z",
    "execution_end": "2019-04-01T16:29:11.714Z",
    "area_id": "bangladesh_bari",
    "satellite": 1,
    "time_start": "2015-06-06",
    "time_end": "2016-01-06",
    "latitude_min": 24.8442,
    "latitude_max": 24.995,
    "longitude_min": 88.2071,
    "longitude_max": 88.4496,
    "pixel_drill_task": false,
    "complete": true,
    "pixel_count": 459234,
    "clean_pixel_count": 232232,
    "percentage_clean_pixels": 50.5694264797467,
    "acquisition_list": "12/29/2015,12/13/2015,11/27/2015,11/11/2015,10/10/2015,09/08/2015",
    "clean_pixels_per_acquisition": "145073,36893,132941,40659,127778,134802",
    "clean_pixel_percentages_per_acquisition": "31.590213268181362,8.033595073535496,28.948422808415753,8.853656305935536,27.82415936102292,29.353662838552896",
    "status": "OK",
    "message": "All products have been generated. Your result will be loaded on the map.",
    "scenes_processed": 6,
    "total_scenes": 6,
    "result_path": "/datacube/ui_results/fractional_cover/54e82fbe-74b4-4b85-a62f-d115eac1e84d/band_math.png",
    "compositor": "least_recent",
    "satellite_list": "LANDSAT_7,LANDSAT_7,LANDSAT_7,LANDSAT_7,LANDSAT_7,LANDSAT_7",
    "mosaic_path": "/datacube/ui_results/fractional_cover/54e82fbe-74b4-4b85-a62f-d115eac1e84d/png_mosaic.png",
    "plot_path": "/datacube/ui_results/fractional_cover/54e82fbe-74b4-4b85-a62f-d115eac1e84d/plot_path.png",
    "data_path": "/datacube/ui_results/fractional_cover/54e82fbe-74b4-4b85-a62f-d115eac1e84d/data_tif.tif",
    "data_netcdf_path": "/datacube/ui_results/fractional_cover/54e82fbe-74b4-4b85-a62f-d115eac1e84d/data_netcdf.nc"
  }
},
{
  "model": "fractional_cover.fractionalcovertask",
  "pk": "5560a581-4a7a-4513-90f2-39a0cc5bd5c7",
  "fields": {
    "title": "Fractional Cover Query",
    "description": "None",
    "execution_start": "2019-04-02T18:28:40.925Z",
    "execution_end": "2019-04-02T18:28:45.155Z",
    "area_id": "togo",
    "satellite": 1,
    "time_start": "2015-06-06",
    "time_end": "2016-06-06",
    "latitude_min": 5.8566,
    "latitude_max": 5.9378,
    "longitude_min": 0.6907,
    "longitude_max": 0.7664,
    "pixel_drill_task": false,
    "complete": true,
    "pixel_count": 84300,
    "clean_pixel_count": 81324,
    "percentage_clean_pixels": 96.4697508896797,
    "acquisition_list": "04/29/2016,04/13/2016,02/25/2016,02/09/2016,01/24/2016,01/08/2016,12/23/2015,12/07/2015,11/05/2015,10/20/2015,08/01/2015",
    "clean_pixels_per_acquisition": "27902,0,3671,1062,41871,44291,35981,0,16065,0,36080",
    "clean_pixel_percentages_per_acquisition": "33.09845788849348,0.0,4.354685646500593,1.2597864768683273,49.669039145907476,52.53973902728351,42.68208778173191,0.0,19.05693950177936,0.0,42.79952550415184",
    "status": "OK",
    "message": "All products have been generated. Your result will be loaded on the map.",
    "scenes_processed": 11,
    "total_scenes": 11,
    "result_path": "/datacube/ui_results/fractional_cover/5560a581-4a7a-4513-90f2-39a0cc5bd5c7/band_math.png",
    "compositor": "least_recent",
    "satellite_list": "LANDSAT_7,LANDSAT_7,LANDSAT_7,LANDSAT_7,LANDSAT_7,LANDSAT_7,LANDSAT_7,LANDSAT_7,LANDSAT_7,LANDSAT_7,LANDSAT_7",
    "mosaic_path": "/datacube/ui_results/fractional_cover/5560a581-4a7a-4513-90f2-39a0cc5bd5c7/png_mosaic.png",
    "plot_path": "/datacube/ui_results/fractional_cover/5560a581-4a7a-4513-90f2-39a0cc5bd5c7/plot_path.png",
    "data_path": "/datacube/ui_results/fractional_cover/5560a581-4a7a-4513-90f2-39a0cc5bd5c7/data_tif.tif",
    "data_netcdf_path": "/datacube/ui_results/fractional_cover/5560a581-4a7a-4513-90f2-39a0cc5bd5c7/data_netcdf.nc"
  }
},
{
  "model": "fractional_cover.fractionalcovertask",
  "pk": "5a012878-02a1-4262-a578-2f000fb688df",
  "fields": {
    "title": "Fractional Cover Query",
    "description": "None",
    "execution_start": "2019-04-02T13:47:45.530Z",
    "execution_end": "2019-04-02T13:47:47.835Z",
    "area_id": "ghana",
    "satellite": 1,
    "time_start": "2015-06-06",
    "time_end": "2016-06-06",
    "latitude_min": 8.2549,
    "latitude_max": 8.2916,
    "longitude_min": -2.4245,
    "longitude_max": -2.408,
    "pixel_drill_task": false,
    "complete": true,
    "pixel_count": 8494,
    "clean_pixel_count": 8494,
    "percentage_clean_pixels": 100.0,
    "acquisition_list": "05/20/2016,05/04/2016,04/02/2016,03/17/2016,02/14/2016,01/29/2016,01/13/2016,12/28/2015,12/12/2015,11/26/2015,11/10/2015,10/25/2015,08/06/2015",
    "clean_pixels_per_acquisition": "3,6859,545,7128,4969,2827,7596,7585,7704,2799,7774,0,1263",
    "clean_pixel_percentages_per_acquisition": "0.03531904874028726,80.75111843654344,6.416293854485519,83.91805980692253,58.500117730162465,33.282316929597364,89.42783141040735,89.29832823169296,90.69931716505769,32.952672474688015,91.52342830233106,0.0,14.869319519660937",
    "status": "OK",
    "message": "All products have been generated. Your result will be loaded on the map.",
    "scenes_processed": 13,
    "total_scenes": 13,
    "result_path": "/datacube/ui_results/fractional_cover/5a012878-02a1-4262-a578-2f000fb688df/band_math.png",
    "compositor": "least_recent",
    "satellite_list": "LANDSAT_7,LANDSAT_7,LANDSAT_7,LANDSAT_7,LANDSAT_7,LANDSAT_7,LANDSAT_7,LANDSAT_7,LANDSAT_7,LANDSAT_7,LANDSAT_7,LANDSAT_7,LANDSAT_7",
    "mosaic_path": "/datacube/ui_results/fractional_cover/5a012878-02a1-4262-a578-2f000fb688df/png_mosaic.png",
    "plot_path": "/datacube/ui_results/fractional_cover/5a012878-02a1-4262-a578-2f000fb688df/plot_path.png",
    "data_path": "/datacube/ui_results/fractional_cover/5a012878-02a1-4262-a578-2f000fb688df/data_tif.tif",
    "data_netcdf_path": "/datacube/ui_results/fractional_cover/5a012878-02a1-4262-a578-2f000fb688df/data_netcdf.nc"
  }
},
{
  "model": "fractional_cover.fractionalcovertask",
  "pk": "7d414e2c-2642-42b5-add4-e7ccd01fb364",
  "fields": {
    "title": "Fractional Cover Query",
    "description": "None",
    "execution_start": "2019-04-01T16:30:13.604Z",
    "execution_end": "2019-04-01T16:30:13.604Z",
    "area_id": "bangladesh_bari",
    "satellite": 1,
    "time_start": "2015-06-06",
    "time_end": "2016-06-06",
    "latitude_min": 24.9133,
    "latitude_max": 25.1331,
    "longitude_min": 88.3803,
    "longitude_max": 88.6921,
    "pixel_drill_task": false,
    "complete": false,
    "pixel_count": 0,
    "clean_pixel_count": 0,
    "percentage_clean_pixels": 0.0,
    "acquisition_list": "",
    "clean_pixels_per_acquisition": "",
    "clean_pixel_percentages_per_acquisition": "",
    "status": "CANCELLED",
    "message": "The task has been cancelled.",
    "scenes_processed": 96,
    "total_scenes": 96,
    "result_path": "",
    "compositor": "least_recent",
    "satellite_list": "",
    "mosaic_path": "",
    "plot_path": "",
    "data_path": "",
    "data_netcdf_path": ""
  }
},
{
  "model": "fractional_cover.fractionalcovertask",
  "pk": "83ef9f9d-642f-4cfb-b8c4-87a7e3721088",
  "fields": {
    "title": "Fractional Cover Query",
    "description": "None",
    "execution_start": "2019-04-01T16:08:31.460Z",
    "execution_end": "2019-04-01T16:08:31.460Z",
    "area_id": "bangladesh_bari",
    "satellite": 1,
    "time_start": "2015-06-06",
    "time_end": "2016-06-06",
    "latitude_min": 25.0578,
    "latitude_max": 25.3399,
    "longitude_min": 87.9161,
    "longitude_max": 88.214,
    "pixel_drill_task": false,
    "complete": true,
    "pixel_count": 0,
    "clean_pixel_count": 0,
    "percentage_clean_pixels": 0.0,
    "acquisition_list": "",
    "clean_pixels_per_acquisition": "",
    "clean_pixel_percentages_per_acquisition": "",
    "status": "ERROR",
    "message": "There are no acquistions for this parameter set.",
    "scenes_processed": 0,
    "total_scenes": 0,
    "result_path": "",
    "compositor": "least_recent",
    "satellite_list": "",
    "mosaic_path": "",
    "plot_path": "",
    "data_path": "",
    "data_netcdf_path": ""
  }
},
{
  "model": "fractional_cover.fractionalcovertask",
  "pk": "89580a61-7f64-4571-a1ce-4801605c0c35",
  "fields": {
    "title": "Fractional Cover Query",
    "description": "None",
    "execution_start": "2019-04-01T16:08:39.970Z",
    "execution_end": "2019-04-01T16:08:39.970Z",
    "area_id": "bangladesh_bari",
    "satellite": 1,
    "time_start": "2015-06-06",
    "time_end": "2016-06-06",
    "latitude_min": 24.8505,
    "latitude_max": 25.1958,
    "longitude_min": 88.3803,
    "longitude_max": 88.7198,
    "pixel_drill_task": false,
    "complete": true,
    "pixel_count": 0,
    "clean_pixel_count": 0,
    "percentage_clean_pixels": 0.0,
    "acquisition_list": "",
    "clean_pixels_per_acquisition": "",
    "clean_pixel_percentages_per_acquisition": "",
    "status": "ERROR",
    "message": "There was an unhandled exception during the processing of your task.",
    "scenes_processed": 0,
    "total_scenes": 144,
    "result_path": "",
    "compositor": "least_recent",
    "satellite_list": "",
    "mosaic_path": "",
    "plot_path": "",
    "data_path": "",
    "data_netcdf_path": ""
  }
},
{
  "model": "fractional_cover.fractionalcovertask",
  "pk": "9934684a-7c5c-42ea-92b0-e26399f858d1",
  "fields": {
    "title": "Fractional Cover Query",
    "description": "None",
    "execution_start": "2019-04-01T16:28:52.626Z",
    "execution_end": "2019-04-01T16:28:58.346Z",
    "area_id": "bangladesh_bari",
    "satellite": 1,
    "time_start": "2015-06-06",
    "time_end": "2016-01-06",
    "latitude_min": 25.1895,
    "latitude_max": 25.3336,
    "longitude_min": 88.2556,
    "longitude_max": 88.4219,
    "pixel_drill_task": false,
    "complete": true,
    "pixel_count": 301145,
    "clean_pixel_count": 33148,
    "percentage_clean_pixels": 11.00732205416,
    "acquisition_list": "12/29/2015,12/13/2015,11/27/2015,11/11/2015,10/10/2015,09/08/2015",
    "clean_pixels_per_acquisition": "23935,12724,11235,13052,9201,6384",
    "clean_pixel_percentages_per_acquisition": "7.9479984724966375,4.225207126135251,3.7307609291205233,4.334124757176776,3.0553387902837503,2.1199090139301666",
    "status": "OK",
    "message": "All products have been generated. Your result will be loaded on the map.",
    "scenes_processed": 6,
    "total_scenes": 6,
    "result_path": "/datacube/ui_results/fractional_cover/9934684a-7c5c-42ea-92b0-e26399f858d1/band_math.png",
    "compositor": "least_recent",
    "satellite_list": "LANDSAT_7,LANDSAT_7,LANDSAT_7,LANDSAT_7,LANDSAT_7,LANDSAT_7",
    "mosaic_path": "/datacube/ui_results/fractional_cover/9934684a-7c5c-42ea-92b0-e26399f858d1/png_mosaic.png",
    "plot_path": "/datacube/ui_results/fractional_cover/9934684a-7c5c-42ea-92b0-e26399f858d1/plot_path.png",
    "data_path": "/datacube/ui_results/fractional_cover/9934684a-7c5c-42ea-92b0-e26399f858d1/data_tif.tif",
    "data_netcdf_path": "/datacube/ui_results/fractional_cover/9934684a-7c5c-42ea-92b0-e26399f858d1/data_netcdf.nc"
  }
},
{
  "model": "fractional_cover.fractionalcovertask",
  "pk": "9cbc33bf-8ca9-4f52-b5b1-90016c104b1e",
  "fields": {
    "title": "Fractional Cover Query",
    "description": "None",
    "execution_start": "2019-04-01T16:30:17.041Z",
    "execution_end": "2019-04-01T16:30:17.041Z",
    "area_id": "bangladesh_bari",
    "satellite": 1,
    "time_start": "2015-06-06",
    "time_end": "2016-06-06",
    "latitude_min": 24.4474,
    "latitude_max": 24.5861,
    "longitude_min": 88.3595,
    "longitude_max": 88.6228,
    "pixel_drill_task": false,
    "complete": false,
    "pixel_count": 0,
    "clean_pixel_count": 0,
    "percentage_clean_pixels": 0.0,
    "acquisition_list": "",
    "clean_pixels_per_acquisition": "",
    "clean_pixel_percentages_per_acquisition": "",
    "status": "CANCELLED",
    "message": "The task has been cancelled.",
    "scenes_processed": 30,
    "total_scenes": 48,
    "result_path": "",
    "compositor": "least_recent",
    "satellite_list": "",
    "mosaic_path": "",
    "plot_path": "",
    "data_path": "",
    "data_netcdf_path": ""
  }
},
{
  "model": "fractional_cover.fractionalcovertask",
  "pk": "9d0dc32d-4570-4f7c-ab8a-031741a9dd23",
  "fields": {
    "title": "Fractional Cover Query",
    "description": "None",
    "execution_start": "2019-04-01T16:28:57.245Z",
    "execution_end": "2019-04-01T16:29:02.609Z",
    "area_id": "bangladesh_bari",
    "satellite": 1,
    "time_start": "2015-06-06",
    "time_end": "2016-01-06",
    "latitude_min": 25.0452,
    "latitude_max": 25.1644,
    "longitude_min": 88.214,
    "longitude_max": 88.415,
    "pixel_drill_task": false,
    "complete": true,
    "pixel_count": 301886,
    "clean_pixel_count": 72502,
    "percentage_clean_pixels": 24.0163505429202,
    "acquisition_list": "12/29/2015,12/13/2015,11/27/2015,11/11/2015,10/10/2015,09/08/2015",
    "clean_pixels_per_acquisition": "45231,27196,35932,36002,32557,23194",
    "clean_pixel_percentages_per_acquisition": "14.98280807987121,9.00869864783395,11.902506244078891,11.925693804946238,10.784534559403218,7.683032667960753",
    "status": "OK",
    "message": "All products have been generated. Your result will be loaded on the map.",
    "scenes_processed": 6,
    "total_scenes": 6,
    "result_path": "/datacube/ui_results/fractional_cover/9d0dc32d-4570-4f7c-ab8a-031741a9dd23/band_math.png",
    "compositor": "least_recent",
    "satellite_list": "LANDSAT_7,LANDSAT_7,LANDSAT_7,LANDSAT_7,LANDSAT_7,LANDSAT_7",
    "mosaic_path": "/datacube/ui_results/fractional_cover/9d0dc32d-4570-4f7c-ab8a-031741a9dd23/png_mosaic.png",
    "plot_path": "/datacube/ui_results/fractional_cover/9d0dc32d-4570-4f7c-ab8a-031741a9dd23/plot_path.png",
    "data_path": "/datacube/ui_results/fractional_cover/9d0dc32d-4570-4f7c-ab8a-031741a9dd23/data_tif.tif",
    "data_netcdf_path": "/datacube/ui_results/fractional_cover/9d0dc32d-4570-4f7c-ab8a-031741a9dd23/data_netcdf.nc"
  }
},
{
  "model": "fractional_cover.fractionalcovertask",
  "pk": "c1b12a3a-f7f1-4e79-8474-38859958aec9",
  "fields": {
    "title": "Fractional Cover Query",
    "description": "None",
    "execution_start": "2019-04-01T19:01:44.243Z",
    "execution_end": "2019-04-01T19:01:44.243Z",
    "area_id": "ghana",
    "satellite": 1,
    "time_start": "2013-06-06",
    "time_end": "2014-06-06",
    "latitude_min": 9.4383,
    "latitude_max": 9.5724,
    "longitude_min": -1.7904,
    "longitude_max": -1.604,
    "pixel_drill_task": false,
    "complete": true,
    "pixel_count": 0,
    "clean_pixel_count": 0,
    "percentage_clean_pixels": 0.0,
    "acquisition_list": "",
    "clean_pixels_per_acquisition": "",
    "clean_pixel_percentages_per_acquisition": "",
    "status": "ERROR",
    "message": "There are no acquistions for this parameter set.",
    "scenes_processed": 0,
    "total_scenes": 0,
    "result_path": "",
    "compositor": "least_recent",
    "satellite_list": "",
    "mosaic_path": "",
    "plot_path": "",
    "data_path": "",
    "data_netcdf_path": ""
  }
},
{
  "model": "fractional_cover.fractionalcovertask",
  "pk": "c39aa05a-50df-4245-916a-eafce951848e",
  "fields": {
    "title": "Fractional Cover Query",
    "description": "None",
    "execution_start": "2019-04-01T16:27:30.171Z",
    "execution_end": "2019-04-01T16:28:18.980Z",
    "area_id": "bangladesh_bari",
    "satellite": 1,
    "time_start": "2015-06-06",
    "time_end": "2016-06-06",
    "latitude_min": 24.9133,
    "latitude_max": 25.0766,
    "longitude_min": 88.609,
    "longitude_max": 89.0178,
    "pixel_drill_task": false,
    "complete": true,
    "pixel_count": 839740,
    "clean_pixel_count": 839545,
    "percentage_clean_pixels": 99.9767785266868,
    "acquisition_list": "12/29/2015,12/13/2015,11/27/2015,11/11/2015,10/10/2015,09/08/2015",
    "clean_pixels_per_acquisition": "633897,615831,630565,426240,628744,456208",
    "clean_pixel_percentages_per_acquisition": "75.48729368614094,73.3359134970348,75.09050420368209,50.758568128230166,74.87365136828066,54.327291780789295",
    "status": "OK",
    "message": "All products have been generated. Your result will be loaded on the map.",
    "scenes_processed": 6,
    "total_scenes": 6,
    "result_path": "/datacube/ui_results/fractional_cover/c39aa05a-50df-4245-916a-eafce951848e/band_math.png",
    "compositor": "least_recent",
    "satellite_list": "LANDSAT_7,LANDSAT_7,LANDSAT_7,LANDSAT_7,LANDSAT_7,LANDSAT_7",
    "mosaic_path": "/datacube/ui_results/fractional_cover/c39aa05a-50df-4245-916a-eafce951848e/png_mosaic.png",
    "plot_path": "/datacube/ui_results/fractional_cover/c39aa05a-50df-4245-916a-eafce951848e/plot_path.png",
    "data_path": "/datacube/ui_results/fractional_cover/c39aa05a-50df-4245-916a-eafce951848e/data_tif.tif",
    "data_netcdf_path": "/datacube/ui_results/fractional_cover/c39aa05a-50df-4245-916a-eafce951848e/data_netcdf.nc"
  }
},
{
  "model": "fractional_cover.fractionalcovertask",
  "pk": "de4ba52f-259c-412d-82d1-7cd5ed6e957b",
  "fields": {
    "title": "Fractional Cover Query",
    "description": "None",
    "execution_start": "2019-04-01T19:02:30.896Z",
    "execution_end": "2019-04-01T19:02:30.896Z",
    "area_id": "ghana",
    "satellite": 1,
    "time_start": "2013-06-06",
    "time_end": "2018-06-06",
    "latitude_min": 9.4383,
    "latitude_max": 9.5723,
    "longitude_min": -1.7904,
    "longitude_max": -1.604,
    "pixel_drill_task": false,
    "complete": true,
    "pixel_count": 0,
    "clean_pixel_count": 0,
    "percentage_clean_pixels": 0.0,
    "acquisition_list": "",
    "clean_pixels_per_acquisition": "",
    "clean_pixel_percentages_per_acquisition": "",
    "status": "ERROR",
    "message": "There are no acquistions for this parameter set.",
    "scenes_processed": 0,
    "total_scenes": 0,
    "result_path": "",
    "compositor": "least_recent",
    "satellite_list": "",
    "mosaic_path": "",
    "plot_path": "",
    "data_path": "",
    "data_netcdf_path": ""
  }
},
{
  "model": "fractional_cover.fractionalcovertask",
  "pk": "e39b23c2-3e9f-4c7e-88eb-13c34e393071",
  "fields": {
    "title": "Fractional Cover Query",
    "description": "None",
    "execution_start": "2019-04-01T16:29:07.272Z",
    "execution_end": "2019-04-01T16:29:15.575Z",
    "area_id": "bangladesh_bari",
    "satellite": 1,
    "time_start": "2015-06-06",
    "time_end": "2016-01-06",
    "latitude_min": 24.5924,
    "latitude_max": 24.7687,
    "longitude_min": 88.1447,
    "longitude_max": 88.3526,
    "pixel_drill_task": false,
    "complete": true,
    "pixel_count": 460312,
    "clean_pixel_count": 178801,
    "percentage_clean_pixels": 38.8434366255931,
    "acquisition_list": "12/29/2015,12/13/2015,11/27/2015,11/11/2015,10/10/2015,09/08/2015",
    "clean_pixels_per_acquisition": "115428,0,102158,134,96441,114324",
    "clean_pixel_percentages_per_acquisition": "25.076035384695597,0.0,22.193208084951078,0.02911069014060029,20.951224386937554,24.836198056970055",
    "status": "OK",
    "message": "All products have been generated. Your result will be loaded on the map.",
    "scenes_processed": 6,
    "total_scenes": 6,
    "result_path": "/datacube/ui_results/fractional_cover/e39b23c2-3e9f-4c7e-88eb-13c34e393071/band_math.png",
    "compositor": "least_recent",
    "satellite_list": "LANDSAT_7,LANDSAT_7,LANDSAT_7,LANDSAT_7,LANDSAT_7,LANDSAT_7",
    "mosaic_path": "/datacube/ui_results/fractional_cover/e39b23c2-3e9f-4c7e-88eb-13c34e393071/png_mosaic.png",
    "plot_path": "/datacube/ui_results/fractional_cover/e39b23c2-3e9f-4c7e-88eb-13c34e393071/plot_path.png",
    "data_path": "/datacube/ui_results/fractional_cover/e39b23c2-3e9f-4c7e-88eb-13c34e393071/data_tif.tif",
    "data_netcdf_path": "/datacube/ui_results/fractional_cover/e39b23c2-3e9f-4c7e-88eb-13c34e393071/data_netcdf.nc"
  }
},
{
  "model": "fractional_cover.fractionalcovertask",
  "pk": "fce83960-980b-47a7-ae96-ba8f2242ae67",
  "fields": {
    "title": "Fractional Cover Query",
    "description": "None",
    "execution_start": "2019-04-01T16:11:34.076Z",
    "execution_end": "2019-04-01T16:11:34.076Z",
    "area_id": "bangladesh_bari",
    "satellite": 1,
    "time_start": "2015-06-06",
    "time_end": "2016-06-06",
    "latitude_min": 24.605,
    "latitude_max": 24.8442,
    "longitude_min": 88.5882,
    "longitude_max": 88.7545,
    "pixel_drill_task": false,
    "complete": true,
    "pixel_count": 0,
    "clean_pixel_count": 0,
    "percentage_clean_pixels": 0.0,
    "acquisition_list": "",
    "clean_pixels_per_acquisition": "",
    "clean_pixel_percentages_per_acquisition": "",
    "status": "ERROR",
    "message": "There was an unhandled exception during the processing of your task.",
    "scenes_processed": 0,
    "total_scenes": 48,
    "result_path": "",
    "compositor": "least_recent",
    "satellite_list": "",
    "mosaic_path": "",
    "plot_path": "",
    "data_path": "",
    "data_netcdf_path": ""
  }
},
{
  "model": "fractional_cover.fractionalcovertask",
  "pk": "fda697df-c132-4745-a983-4a9dbba8ae09",
  "fields": {
    "title": "Fractional Cover Query",
    "description": "None",
    "execution_start": "2019-04-01T16:13:55.080Z",
    "execution_end": "2019-04-01T16:13:55.081Z",
    "area_id": "bangladesh_bari",
    "satellite": 1,
    "time_start": "2015-06-06",
    "time_end": "2016-06-06",
    "latitude_min": 24.605,
    "latitude_max": 24.7876,
    "longitude_min": 88.5882,
    "longitude_max": 88.7406,
    "pixel_drill_task": false,
    "complete": true,
    "pixel_count": 0,
    "clean_pixel_count": 0,
    "percentage_clean_pixels": 0.0,
    "acquisition_list": "",
    "clean_pixels_per_acquisition": "",
    "clean_pixel_percentages_per_acquisition": "",
    "status": "ERROR",
    "message": "There was an unhandled exception during the processing of your task.",
    "scenes_processed": 0,
    "total_scenes": 48,
    "result_path": "",
    "compositor": "least_recent",
    "satellite_list": "",
    "mosaic_path": "",
    "plot_path": "",
    "data_path": "",
    "data_netcdf_path": ""
  }
},
{
  "model": "ndvi_anomaly.toolinfo",
  "pk": 9,
  "fields": {
    "image_path": "/static/assets/images/thumbnails/ndvi_anomaly_1.png",
    "image_title": "NDVI Anomaly",
    "image_description": "The NDVI Anomaly tool allows users to calculate and visualize the NDVI change between a single scene and a user defined baseline composite of scenes preceding it."
  }
},
{
  "model": "ndvi_anomaly.toolinfo",
  "pk": 10,
  "fields": {
    "image_path": "/static/assets/images/thumbnails/ndvi_anomaly_2.png",
    "image_title": "Baselines for Seasons",
    "image_description": "Define a custom baseline of specific months to create seasonal baselines unique to your region."
  }
},
{
  "model": "ndvi_anomaly.toolinfo",
  "pk": 11,
  "fields": {
    "image_path": "/static/assets/images/thumbnails/ndvi_anomaly_3.png",
    "image_title": "Specific Scene Selection",
    "image_description": "Pick a specific acquisition date for analysis and calculate the difference and percentage change from a composite of all acquisitions prior to that date."
  }
},
{
  "model": "slip.toolinfo",
  "pk": 7,
  "fields": {
    "image_path": "/static/assets/images/thumbnails/slip_1.png",
    "image_title": "Landslide Detection",
    "image_description": "The SLIP tools uses algorithms to combine optical and elevation data to determine possible locations for recent landslides"
  }
},
{
  "model": "slip.toolinfo",
  "pk": 8,
  "fields": {
    "image_path": "/static/assets/images/thumbnails/slip_2.png",
    "image_title": "Threshold Control",
    "image_description": "Set the baseline thresholds to expand or narrow results of possible landslide data."
  }
},
{
  "model": "slip.baselinemethod",
  "pk": "average",
  "fields": {
    "name": "Average"
  }
},
{
  "model": "slip.baselinemethod",
  "pk": "composite",
  "fields": {
    "name": "Composite"
  }
},
{
  "model": "spectral_anomaly.userhistory",
  "pk": 1,
  "fields": {
    "user_id": 550,
    "task_id": "c87eeae5-c2f4-4ba0-8da3-c8bfedaadf6c"
  }
},
{
  "model": "spectral_anomaly.userhistory",
  "pk": 2,
  "fields": {
    "user_id": 550,
    "task_id": "4dbb1979-f93f-47c3-8246-348262a20475"
  }
},
{
  "model": "spectral_anomaly.userhistory",
  "pk": 3,
  "fields": {
    "user_id": 550,
    "task_id": "c35e1940-a94b-46ed-a49e-dd6257cfc350"
  }
},
{
  "model": "spectral_anomaly.userhistory",
  "pk": 4,
  "fields": {
    "user_id": 550,
    "task_id": "9b770ccf-ba67-4a80-8036-86121270acf3"
  }
},
{
  "model": "spectral_anomaly.userhistory",
  "pk": 5,
  "fields": {
    "user_id": 550,
    "task_id": "ff0f82b6-8e1e-4e07-a534-0150dedbe1ae"
  }
},
{
  "model": "spectral_anomaly.toolinfo",
  "pk": 1,
  "fields": {
    "image_path": "/static/assets/images/thumbnails/spectral_anomaly_1.png",
    "image_title": "Determine Changes in Spectral Indices",
    "image_description": "Determine the amount of change in various spectral indices between two time periods. Red indicates negative change, yellow indicates no change, and green indicates positive change."
  }
},
{
  "model": "spectral_anomaly.toolinfo",
  "pk": 2,
  "fields": {
    "image_path": "/static/assets/images/thumbnails/spectral_anomaly_2.png",
    "image_title": "Detect Anomalies",
    "image_description": "Specify a change value range to threshold on. Values outside the range will be colored black. Values inside the range will be colored red."
  }
},
{
  "model": "spectral_anomaly.resulttype",
  "pk": 1,
  "fields": {
    "result_id": "ndbi",
    "name": "NDBI"
  }
},
{
  "model": "spectral_anomaly.resulttype",
  "pk": 2,
  "fields": {
    "result_id": "ndwi",
    "name": "NDWI"
  }
},
{
  "model": "spectral_anomaly.resulttype",
  "pk": 3,
  "fields": {
    "result_id": "evi",
    "name": "EVI"
  }
},
{
  "model": "spectral_anomaly.resulttype",
  "pk": 4,
  "fields": {
    "result_id": "ndvi",
    "name": "NDVI"
  }
},
{
  "model": "spectral_anomaly.resulttype",
  "pk": 5,
  "fields": {
    "result_id": "fractional_cover",
    "name": "Fractional Cover"
  }
},
{
  "model": "spectral_anomaly.spectralanomalytask",
  "pk": "4dbb1979-f93f-47c3-8246-348262a20475",
  "fields": {
    "title": "Spectral Anomaly Query",
    "description": "None",
    "execution_start": "2019-04-02T15:55:06.294Z",
    "execution_end": "2019-04-02T15:55:08.300Z",
    "area_id": "ghana",
    "satellite": 1,
    "time_start": "2005-06-06",
    "time_end": "2016-06-06",
    "latitude_min": 8.2454,
    "latitude_max": 8.2698,
    "longitude_min": -2.4492,
    "longitude_max": -2.4245,
    "pixel_drill_task": false,
    "complete": true,
    "pixel_count": 8556,
    "clean_pixel_count": 8556,
    "percentage_clean_pixels": 100.0,
    "acquisition_list": "05/20/2016,05/04/2016,04/02/2016,03/17/2016,02/14/2016,01/29/2016,01/13/2016,12/28/2015,12/12/2015,11/26/2015,11/10/2015,10/25/2015,08/06/2015,04/07/2006,03/22/2006,03/06/2006,02/02/2006,01/17/2006,01/01/2006,12/16/2005,11/30/2005,11/14/2005,10/29/2005",
    "clean_pixels_per_acquisition": "7877,7827,8014,7826,7800,7794,7771,7799,7799,7852,7970,7848,7913,7736,7542,7505,7732,7667,7611,7650,7728,7568,7717",
    "clean_pixel_percentages_per_acquisition": "92.06404862085087,91.4796633941094,93.66526414212248,91.46797568957457,91.164095371669,91.09396914446003,90.82515194015895,91.15240766713417,91.15240766713417,91.77185600748012,93.15100514259,91.72510518934081,92.48480598410472,90.41608228143993,88.14866760168303,87.71622253389434,90.36933146330061,89.6096306685367,88.95511921458626,89.4109396914446,90.3225806451613,88.4525479195886,90.19401589527817",
    "status": "OK",
    "message": "All products have been generated. Your result will be loaded on the map.",
    "scenes_processed": 23,
    "total_scenes": 23,
    "result_path": "/datacube/ui_results/spectral_anomaly/4dbb1979-f93f-47c3-8246-348262a20475/png_mosaic.png",
    "query_type": 1,
    "compositor": "least_recent",
    "baseline_time_start": "2005-06-06",
    "baseline_time_end": "2006-06-06",
    "analysis_time_start": "2015-06-06",
    "analysis_time_end": "2016-06-06",
    "composite_threshold_min": -1.0,
    "composite_threshold_max": 1.0,
    "change_threshold_min": null,
    "change_threshold_max": null,
    "data_netcdf_path": "/datacube/ui_results/spectral_anomaly/4dbb1979-f93f-47c3-8246-348262a20475/data_netcdf.nc",
    "data_path": "/datacube/ui_results/spectral_anomaly/4dbb1979-f93f-47c3-8246-348262a20475/data_tif.tif",
    "plot_path": "/datacube/ui_results/spectral_anomaly/4dbb1979-f93f-47c3-8246-348262a20475/plot_path.png"
  }
},
{
  "model": "spectral_anomaly.spectralanomalytask",
  "pk": "9b770ccf-ba67-4a80-8036-86121270acf3",
  "fields": {
    "title": "Spectral Anomaly Query",
    "description": "None",
    "execution_start": "2019-04-02T18:32:17.619Z",
    "execution_end": "2019-04-02T18:32:24.615Z",
    "area_id": "bangladesh",
    "satellite": 1,
    "time_start": "2005-06-06",
    "time_end": "2011-06-06",
    "latitude_min": 24.1693,
    "latitude_max": 24.2051,
    "longitude_min": 89.9356,
    "longitude_max": 89.9748,
    "pixel_drill_task": false,
    "complete": true,
    "pixel_count": 17689,
    "clean_pixel_count": 17689,
    "percentage_clean_pixels": 100.0,
    "acquisition_list": "05/17/2011,04/15/2011,03/30/2011,03/14/2011,02/26/2011,02/10/2011,01/25/2011,01/09/2011,12/24/2010,11/22/2010,11/06/2010,10/21/2010,10/05/2010,06/04/2006,05/19/2006,05/03/2006,04/01/2006,03/16/2006,02/28/2006,02/12/2006,01/27/2006,01/11/2006,12/26/2005,12/10/2005,11/24/2005,11/08/2005,10/07/2005",
    "clean_pixels_per_acquisition": "11620,11692,11714,11707,11689,11680,11659,11660,11681,11702,11656,11679,11700,11868,11876,11755,11666,11724,11751,11763,11726,11661,11521,11585,11746,11754,11577",
    "clean_pixel_percentages_per_acquisition": "65.69054214483577,66.09757476397762,66.22194584204873,66.18237322629884,66.08061507151336,66.02973599412064,65.91101814687093,65.91667137769235,66.03538922494205,66.15410707219176,65.89405845440669,66.02408276329922,66.14280061054893,67.09254338854656,67.13776923511787,66.45372830572673,65.95059076262083,66.27847815026287,66.43111538244106,66.49895415229804,66.2897846119057,65.92232460851376,65.13087229351575,65.49267906608627,66.40284922833399,66.4480750749053,65.44745321951495",
    "status": "OK",
    "message": "All products have been generated. Your result will be loaded on the map.",
    "scenes_processed": 27,
    "total_scenes": 27,
    "result_path": "/datacube/ui_results/spectral_anomaly/9b770ccf-ba67-4a80-8036-86121270acf3/png_mosaic.png",
    "query_type": 1,
    "compositor": "least_recent",
    "baseline_time_start": "2005-06-06",
    "baseline_time_end": "2006-06-06",
    "analysis_time_start": "2010-06-06",
    "analysis_time_end": "2011-06-06",
    "composite_threshold_min": -1.0,
    "composite_threshold_max": 1.0,
    "change_threshold_min": null,
    "change_threshold_max": null,
    "data_netcdf_path": "/datacube/ui_results/spectral_anomaly/9b770ccf-ba67-4a80-8036-86121270acf3/data_netcdf.nc",
    "data_path": "/datacube/ui_results/spectral_anomaly/9b770ccf-ba67-4a80-8036-86121270acf3/data_tif.tif",
    "plot_path": "/datacube/ui_results/spectral_anomaly/9b770ccf-ba67-4a80-8036-86121270acf3/plot_path.png"
  }
},
{
  "model": "spectral_anomaly.spectralanomalytask",
  "pk": "c35e1940-a94b-46ed-a49e-dd6257cfc350",
  "fields": {
    "title": "Spectral Anomaly Query",
    "description": "None",
    "execution_start": "2019-04-02T16:01:15.312Z",
    "execution_end": "2019-04-02T16:01:20.761Z",
    "area_id": "ghana",
    "satellite": 1,
    "time_start": "2013-06-06",
    "time_end": "2018-06-06",
    "latitude_min": 8.3079,
    "latitude_max": 8.3201,
    "longitude_min": -2.4451,
    "longitude_max": -2.4286,
    "pixel_drill_task": false,
    "complete": true,
    "pixel_count": 2852,
    "clean_pixel_count": 2852,
    "percentage_clean_pixels": 100.0,
    "acquisition_list": "12/30/2016,12/14/2016,11/28/2016,11/12/2016,10/27/2016,10/11/2016,09/25/2016,05/20/2016,05/04/2016,04/02/2016,03/17/2016,02/14/2016,01/29/2016,01/13/2016,12/28/2015,12/12/2015,11/26/2015,11/10/2015,10/25/2015,08/06/2015,04/16/2015,03/31/2015,02/27/2015,01/26/2015,01/10/2015,12/25/2014,11/23/2014,10/22/2014,03/28/2014,03/12/2014,02/24/2014,02/08/2014,01/23/2014,01/07/2014,12/22/2013,12/06/2013,11/20/2013,11/04/2013,10/19/2013,06/13/2013",
    "clean_pixels_per_acquisition": "5370,5112,5048,5154,5352,5326,5184,5402,5112,5354,5216,5350,5162,5344,5320,5092,5300,5342,5132,5198,5244,5520,5410,5348,5372,5184,5416,5180,5422,5126,5166,5086,5040,5390,5246,5366,5430,5412,5378,5196",
    "clean_pixel_percentages_per_acquisition": "188.28892005610098,179.24263674614306,176.99859747545582,180.71528751753155,187.6577840112202,186.7461430575035,181.7671809256662,189.4109396914446,179.24263674614306,187.72791023842916,182.88920056100983,187.5876577840112,180.99579242636747,187.37727910238428,186.53576437587657,178.5413744740533,185.8345021037868,187.30715287517532,179.94389901823283,182.25806451612902,183.8709677419355,193.5483870967742,189.6914446002805,187.51753155680225,188.35904628330997,181.7671809256662,189.90182328190744,181.62692847124825,190.11220196353437,179.7335203366059,181.13604488078542,178.33099579242636,176.71809256661993,188.99018232819074,183.94109396914445,188.14866760168303,190.39270687237027,189.7615708274895,188.5694249649369,182.18793828892007",
    "status": "OK",
    "message": "All products have been generated. Your result will be loaded on the map.",
    "scenes_processed": 40,
    "total_scenes": 40,
    "result_path": "/datacube/ui_results/spectral_anomaly/c35e1940-a94b-46ed-a49e-dd6257cfc350/png_mosaic.png",
    "query_type": 1,
    "compositor": "least_recent",
    "baseline_time_start": "2013-06-06",
    "baseline_time_end": "2018-06-06",
    "analysis_time_start": "2013-06-06",
    "analysis_time_end": "2018-06-06",
    "composite_threshold_min": -1.0,
    "composite_threshold_max": 1.0,
    "change_threshold_min": null,
    "change_threshold_max": null,
    "data_netcdf_path": "/datacube/ui_results/spectral_anomaly/c35e1940-a94b-46ed-a49e-dd6257cfc350/data_netcdf.nc",
    "data_path": "/datacube/ui_results/spectral_anomaly/c35e1940-a94b-46ed-a49e-dd6257cfc350/data_tif.tif",
    "plot_path": "/datacube/ui_results/spectral_anomaly/c35e1940-a94b-46ed-a49e-dd6257cfc350/plot_path.png"
  }
},
{
  "model": "spectral_anomaly.spectralanomalytask",
  "pk": "c87eeae5-c2f4-4ba0-8da3-c8bfedaadf6c",
  "fields": {
    "title": "Spectral Anomaly Query",
    "description": "None",
    "execution_start": "2019-04-02T15:54:21.450Z",
    "execution_end": "2019-04-02T15:54:26.710Z",
    "area_id": "ghana",
    "satellite": 1,
    "time_start": "2013-06-06",
    "time_end": "2018-06-06",
    "latitude_min": 8.2454,
    "latitude_max": 8.2698,
    "longitude_min": -2.4492,
    "longitude_max": -2.4245,
    "pixel_drill_task": false,
    "complete": true,
    "pixel_count": 8556,
    "clean_pixel_count": 8556,
    "percentage_clean_pixels": 100.0,
    "acquisition_list": "12/30/2016,12/14/2016,11/28/2016,11/12/2016,10/27/2016,10/11/2016,09/25/2016,05/20/2016,05/04/2016,04/02/2016,03/17/2016,02/14/2016,01/29/2016,01/13/2016,12/28/2015,12/12/2015,11/26/2015,11/10/2015,10/25/2015,08/06/2015,04/16/2015,03/31/2015,02/27/2015,01/26/2015,01/10/2015,12/25/2014,11/23/2014,10/22/2014,03/28/2014,03/12/2014,02/24/2014,02/08/2014,01/23/2014,01/07/2014,12/22/2013,12/06/2013,11/20/2013,11/04/2013,10/19/2013,06/13/2013",
    "clean_pixels_per_acquisition": "15716,15576,15482,15584,15404,15548,15646,15754,15654,16028,15652,15600,15588,15542,15598,15598,15704,15940,15696,15826,15734,16052,15868,15662,15662,15588,16022,15750,15838,15742,15580,14726,14866,15744,15832,15502,15828,15726,15706,15528",
    "clean_pixel_percentages_per_acquisition": "183.68396446937822,182.0476858345021,180.94904160822816,182.14118747078075,180.03740065451146,181.72043010752688,182.86582515194016,184.12809724170174,182.9593267882188,187.33052828424496,182.93595137914915,182.328190743338,182.18793828892007,181.6503038803179,182.30481533426834,182.30481533426834,183.54371201496025,186.30201028518,183.45021037868162,184.96961196820945,183.89434315100513,187.61103319308089,185.46049555867228,183.05282842449742,183.05282842449742,182.18793828892007,187.260402057036,184.08134642356242,185.1098644226274,183.9878447872838,182.09443665264143,172.11313697989715,173.74941561477326,184.01122019635343,185.0397381954184,181.18279569892474,184.9929873772791,183.8008415147265,183.56708742402992,181.4866760168303",
    "status": "OK",
    "message": "All products have been generated. Your result will be loaded on the map.",
    "scenes_processed": 40,
    "total_scenes": 40,
    "result_path": "/datacube/ui_results/spectral_anomaly/c87eeae5-c2f4-4ba0-8da3-c8bfedaadf6c/png_mosaic.png",
    "query_type": 1,
    "compositor": "least_recent",
    "baseline_time_start": "2013-06-06",
    "baseline_time_end": "2018-06-06",
    "analysis_time_start": "2013-06-06",
    "analysis_time_end": "2018-06-06",
    "composite_threshold_min": -1.0,
    "composite_threshold_max": 1.0,
    "change_threshold_min": null,
    "change_threshold_max": null,
    "data_netcdf_path": "/datacube/ui_results/spectral_anomaly/c87eeae5-c2f4-4ba0-8da3-c8bfedaadf6c/data_netcdf.nc",
    "data_path": "/datacube/ui_results/spectral_anomaly/c87eeae5-c2f4-4ba0-8da3-c8bfedaadf6c/data_tif.tif",
    "plot_path": "/datacube/ui_results/spectral_anomaly/c87eeae5-c2f4-4ba0-8da3-c8bfedaadf6c/plot_path.png"
  }
},
{
  "model": "spectral_anomaly.spectralanomalytask",
  "pk": "ff0f82b6-8e1e-4e07-a534-0150dedbe1ae",
  "fields": {
    "title": "Spectral Anomaly Query",
    "description": "None",
    "execution_start": "2019-04-02T19:12:23.994Z",
    "execution_end": "2019-04-02T19:12:29.475Z",
    "area_id": "bangladesh",
    "satellite": 1,
    "time_start": "2010-06-06",
    "time_end": "2016-06-06",
    "latitude_min": 24.5442,
    "latitude_max": 24.6022,
    "longitude_min": 90.2933,
    "longitude_max": 90.3423,
    "pixel_drill_task": false,
    "complete": true,
    "pixel_count": 35905,
    "clean_pixel_count": 35905,
    "percentage_clean_pixels": 100.0,
    "acquisition_list": "12/22/2015,12/06/2015,11/20/2015,11/04/2015,10/19/2015,10/03/2015,09/17/2015,05/17/2011,04/15/2011,03/30/2011,03/14/2011,02/26/2011,02/10/2011,01/25/2011,01/09/2011,12/24/2010,11/22/2010,11/06/2010,10/21/2010,10/05/2010",
    "clean_pixels_per_acquisition": "28148,27675,27692,27813,27972,27436,28165,27896,27846,28068,28075,27739,27994,27782,27972,27950,28033,27702,28011,27910",
    "clean_pixel_percentages_per_acquisition": "78.39576660632224,77.07840133686116,77.12574850299401,77.46274892076312,77.90558418047625,76.41275588358167,78.44311377245509,77.69391449658822,77.55465812560925,78.17295641275588,78.19245230469294,77.25664949171424,77.966856983707,77.37640997075616,77.90558418047625,77.8443113772455,78.0754769530706,77.15359977718981,78.01420414983986,77.73290628046233",
    "status": "OK",
    "message": "All products have been generated. Your result will be loaded on the map.",
    "scenes_processed": 20,
    "total_scenes": 20,
    "result_path": "/datacube/ui_results/spectral_anomaly/ff0f82b6-8e1e-4e07-a534-0150dedbe1ae/png_mosaic.png",
    "query_type": 1,
    "compositor": "geo_median",
    "baseline_time_start": "2010-06-06",
    "baseline_time_end": "2011-06-06",
    "analysis_time_start": "2015-06-06",
    "analysis_time_end": "2016-06-06",
    "composite_threshold_min": -1.0,
    "composite_threshold_max": 1.0,
    "change_threshold_min": null,
    "change_threshold_max": null,
    "data_netcdf_path": "/datacube/ui_results/spectral_anomaly/ff0f82b6-8e1e-4e07-a534-0150dedbe1ae/data_netcdf.nc",
    "data_path": "/datacube/ui_results/spectral_anomaly/ff0f82b6-8e1e-4e07-a534-0150dedbe1ae/data_tif.tif",
    "plot_path": "/datacube/ui_results/spectral_anomaly/ff0f82b6-8e1e-4e07-a534-0150dedbe1ae/plot_path.png"
  }
},
{
  "model": "spectral_indices.userhistory",
  "pk": 291,
  "fields": {
    "user_id": 550,
    "task_id": "56d2152b-728b-4356-8334-830d38e6fcd0"
  }
},
{
  "model": "spectral_indices.userhistory",
  "pk": 292,
  "fields": {
    "user_id": 550,
    "task_id": "999145b9-1314-49de-b134-b6f74f48af89"
  }
},
{
  "model": "spectral_indices.userhistory",
  "pk": 293,
  "fields": {
    "user_id": 550,
    "task_id": "6807ac01-a6ba-4de2-955f-0e870c9cd3d1"
  }
},
{
  "model": "spectral_indices.userhistory",
  "pk": 294,
  "fields": {
    "user_id": 550,
    "task_id": "e6bcaf8d-25a8-4b0e-bcdd-9920f859dd11"
  }
},
{
  "model": "spectral_indices.toolinfo",
  "pk": 1,
  "fields": {
    "image_path": "/static/assets/images/thumbnails/custom_mosaic_tool_1.png",
    "image_title": "Run Band Math Analyses on Mosaics",
    "image_description": "Calculate any common spectral index on time series data"
  }
},
{
  "model": "spectral_indices.toolinfo",
  "pk": 2,
  "fields": {
    "image_path": "/static/assets/images/thumbnails/custom_mosaic_tool_2.png",
    "image_title": "Pixel Preference",
    "image_description": "Choose how the 'best' pixel will be chosen: Most recent, least recent, median, geometric median, or min/max NDVI."
  }
},
{
  "model": "spectral_indices.toolinfo",
  "pk": 3,
  "fields": {
    "image_path": "/static/assets/images/thumbnails/custom_mosaic_tool_3.png",
    "image_title": "Time Series",
    "image_description": "Run powerful time series analyses that composites a series of acquisitions to produce a single image then calculates the selected spectral index."
  }
},
{
  "model": "spectral_indices.resulttype",
  "pk": 1,
  "fields": {
    "result_id": "ndvi",
    "name": "NDVI"
  }
},
{
  "model": "spectral_indices.resulttype",
  "pk": 2,
  "fields": {
    "result_id": "ndwi",
    "name": "NDWI"
  }
},
{
  "model": "spectral_indices.resulttype",
  "pk": 3,
  "fields": {
    "result_id": "ndbi",
    "name": "NDBI"
  }
},
{
  "model": "spectral_indices.resulttype",
  "pk": 4,
  "fields": {
    "result_id": "evi",
    "name": "EVI"
  }
},
{
  "model": "spectral_indices.resulttype",
  "pk": 5,
  "fields": {
    "result_id": "savi",
    "name": "SAVI"
  }
},
{
  "model": "spectral_indices.resulttype",
  "pk": 6,
  "fields": {
    "result_id": "nbr",
    "name": "NBR"
  }
},
{
  "model": "spectral_indices.resulttype",
  "pk": 7,
  "fields": {
    "result_id": "nbr2",
    "name": "NBR2"
  }
},
{
  "model": "spectral_indices.spectralindicestask",
  "pk": "56d2152b-728b-4356-8334-830d38e6fcd0",
  "fields": {
    "title": "Spectral Index Query",
    "description": "None",
    "execution_start": "2019-04-01T18:54:16.865Z",
    "execution_end": "2019-04-01T18:54:23.351Z",
    "area_id": "ghana",
    "satellite": 1,
    "time_start": "2015-06-06",
    "time_end": "2016-06-06",
    "latitude_min": 9.1861,
    "latitude_max": 9.6453,
    "longitude_min": -3.5863,
    "longitude_max": -3.2073,
    "pixel_drill_task": false,
    "complete": true,
    "pixel_count": 1869903,
    "clean_pixel_count": 115793,
    "percentage_clean_pixels": 6.19246025061193,
    "acquisition_list": "05/20/2016,05/04/2016,04/02/2016,03/17/2016,02/14/2016,01/29/2016,01/13/2016,12/28/2015,12/12/2015,11/26/2015,11/10/2015,10/25/2015,08/06/2015",
    "clean_pixels_per_acquisition": "14777,34658,13096,0,42615,10936,80319,40072,42967,26116,25258,11789,0",
    "clean_pixel_percentages_per_acquisition": "0.7902548955747972,1.8534651262659079,0.700357184303143,0.0,2.2789952206076998,0.5848431710094053,4.2953564971017215,2.142998861438267,2.2978197264777904,1.3966499866570619,1.350765253598716,0.6304605105184601,0.0",
    "status": "OK",
    "message": "All products have been generated. Your result will be loaded on the map.",
    "scenes_processed": 13,
    "total_scenes": 13,
    "result_path": "/datacube/ui_results/spectral_indices/56d2152b-728b-4356-8334-830d38e6fcd0/band_math.png",
    "compositor": "least_recent",
    "query_type": 1,
    "mosaic_path": "/datacube/ui_results/spectral_indices/56d2152b-728b-4356-8334-830d38e6fcd0/png_mosaic.png",
    "plot_path": "/datacube/ui_results/spectral_indices/56d2152b-728b-4356-8334-830d38e6fcd0/plot_path.png",
    "data_path": "/datacube/ui_results/spectral_indices/56d2152b-728b-4356-8334-830d38e6fcd0/data_tif.tif",
    "data_netcdf_path": "/datacube/ui_results/spectral_indices/56d2152b-728b-4356-8334-830d38e6fcd0/data_netcdf.nc"
  }
},
{
  "model": "spectral_indices.spectralindicestask",
  "pk": "6807ac01-a6ba-4de2-955f-0e870c9cd3d1",
  "fields": {
    "title": "Spectral Index Query",
    "description": "None",
    "execution_start": "2019-04-02T15:59:44.096Z",
    "execution_end": "2019-04-02T15:59:51.732Z",
    "area_id": "ghana",
    "satellite": 1,
    "time_start": "2013-06-06",
    "time_end": "2018-06-06",
    "latitude_min": 8.3201,
    "latitude_max": 8.3487,
    "longitude_min": -2.4575,
    "longitude_max": -2.4121,
    "pixel_drill_task": false,
    "complete": true,
    "pixel_count": 18083,
    "clean_pixel_count": 18083,
    "percentage_clean_pixels": 100.0,
    "acquisition_list": "12/30/2016,12/14/2016,11/28/2016,11/12/2016,10/27/2016,10/11/2016,09/25/2016,05/20/2016,05/04/2016,04/02/2016,03/17/2016,02/14/2016,01/29/2016,01/13/2016,12/28/2015,12/12/2015,11/26/2015,11/10/2015,10/25/2015,08/06/2015,04/16/2015,03/31/2015,02/27/2015,01/26/2015,01/10/2015,12/25/2014,11/23/2014,10/22/2014,03/28/2014,03/12/2014,02/24/2014,02/08/2014,01/23/2014,01/07/2014,12/22/2013,12/06/2013,11/20/2013,11/04/2013,10/19/2013,06/13/2013",
    "clean_pixels_per_acquisition": "16564,15468,16706,0,4270,2106,0,810,15343,4982,16915,15068,16610,16460,16722,16766,7455,16414,0,2462,17230,15676,16786,10885,15670,16669,10778,16881,0,2023,16729,15390,15946,16692,16869,16622,7030,8777,6065,0",
    "clean_pixel_percentages_per_acquisition": "91.5998451584361,85.53890394292982,92.3851130896422,0.0,23.613338494718796,11.646297627606039,0.0,4.479345241386938,84.8476469612343,27.550738262456452,93.5408947630371,83.32688160150417,91.85422772770005,91.02471934966543,92.47359398329922,92.71691644085605,41.22656638832052,90.77033678040148,0.0,13.614997511474867,95.2828623569098,86.68915556047116,92.82751755792734,60.194657966045455,86.65597522534978,92.18050102306033,59.6029419897141,93.35287286401592,0.0,11.187302991760216,92.51230437427418,85.10755958635183,88.18227064093347,92.3076923076923,93.28651219377316,91.92058839794282,38.87629265055577,48.53730022673229,33.539788751866396,0.0",
    "status": "OK",
    "message": "All products have been generated. Your result will be loaded on the map.",
    "scenes_processed": 40,
    "total_scenes": 40,
    "result_path": "/datacube/ui_results/spectral_indices/6807ac01-a6ba-4de2-955f-0e870c9cd3d1/band_math.png",
    "compositor": "least_recent",
    "query_type": 1,
    "mosaic_path": "/datacube/ui_results/spectral_indices/6807ac01-a6ba-4de2-955f-0e870c9cd3d1/png_mosaic.png",
    "plot_path": "/datacube/ui_results/spectral_indices/6807ac01-a6ba-4de2-955f-0e870c9cd3d1/plot_path.png",
    "data_path": "/datacube/ui_results/spectral_indices/6807ac01-a6ba-4de2-955f-0e870c9cd3d1/data_tif.tif",
    "data_netcdf_path": "/datacube/ui_results/spectral_indices/6807ac01-a6ba-4de2-955f-0e870c9cd3d1/data_netcdf.nc"
  }
},
{
  "model": "spectral_indices.spectralindicestask",
  "pk": "999145b9-1314-49de-b134-b6f74f48af89",
  "fields": {
    "title": "Spectral Index Query",
    "description": "None",
    "execution_start": "2019-04-02T13:47:05.355Z",
    "execution_end": "2019-04-02T13:47:07.558Z",
    "area_id": "ghana",
    "satellite": 1,
    "time_start": "2015-06-06",
    "time_end": "2016-06-06",
    "latitude_min": 8.2386,
    "latitude_max": 8.2631,
    "longitude_min": -2.4163,
    "longitude_max": -2.3957,
    "pixel_drill_task": false,
    "complete": true,
    "pixel_count": 7176,
    "clean_pixel_count": 7176,
    "percentage_clean_pixels": 100.0,
    "acquisition_list": "05/20/2016,05/04/2016,04/02/2016,03/17/2016,02/14/2016,01/29/2016,01/13/2016,12/28/2015,12/12/2015,11/26/2015,11/10/2015,10/25/2015,08/06/2015",
    "clean_pixels_per_acquisition": "19,5655,89,749,5953,5460,6427,6446,6360,3750,6393,0,38",
    "clean_pixel_percentages_per_acquisition": "0.26477146042363436,78.80434782608695,1.2402452619843924,10.437569676700111,82.95707915273132,76.08695652173913,89.56243032329989,89.82720178372352,88.62876254180603,52.25752508361204,89.0886287625418,0.0,0.5295429208472687",
    "status": "OK",
    "message": "All products have been generated. Your result will be loaded on the map.",
    "scenes_processed": 13,
    "total_scenes": 13,
    "result_path": "/datacube/ui_results/spectral_indices/999145b9-1314-49de-b134-b6f74f48af89/band_math.png",
    "compositor": "least_recent",
    "query_type": 1,
    "mosaic_path": "/datacube/ui_results/spectral_indices/999145b9-1314-49de-b134-b6f74f48af89/png_mosaic.png",
    "plot_path": "/datacube/ui_results/spectral_indices/999145b9-1314-49de-b134-b6f74f48af89/plot_path.png",
    "data_path": "/datacube/ui_results/spectral_indices/999145b9-1314-49de-b134-b6f74f48af89/data_tif.tif",
    "data_netcdf_path": "/datacube/ui_results/spectral_indices/999145b9-1314-49de-b134-b6f74f48af89/data_netcdf.nc"
  }
},
{
  "model": "spectral_indices.spectralindicestask",
  "pk": "e6bcaf8d-25a8-4b0e-bcdd-9920f859dd11",
  "fields": {
    "title": "Spectral Index Query",
    "description": "None",
    "execution_start": "2019-04-02T18:31:12.849Z",
    "execution_end": "2019-04-02T18:31:14.632Z",
    "area_id": "togo",
    "satellite": 1,
    "time_start": "2015-06-06",
    "time_end": "2016-06-06",
    "latitude_min": 5.8468,
    "latitude_max": 5.8617,
    "longitude_min": 0.7445,
    "longitude_max": 0.7565,
    "pixel_drill_task": false,
    "complete": true,
    "pixel_count": 2520,
    "clean_pixel_count": 2515,
    "percentage_clean_pixels": 99.8015873015873,
    "acquisition_list": "04/29/2016,04/13/2016,02/25/2016,02/09/2016,01/24/2016,01/08/2016,12/23/2015,12/07/2015,11/05/2015,10/20/2015,08/01/2015",
    "clean_pixels_per_acquisition": "745,0,9,0,1230,1272,408,0,649,0,1280",
    "clean_pixel_percentages_per_acquisition": "29.563492063492063,0.0,0.35714285714285715,0.0,48.80952380952381,50.476190476190474,16.19047619047619,0.0,25.753968253968253,0.0,50.79365079365079",
    "status": "OK",
    "message": "All products have been generated. Your result will be loaded on the map.",
    "scenes_processed": 11,
    "total_scenes": 11,
    "result_path": "/datacube/ui_results/spectral_indices/e6bcaf8d-25a8-4b0e-bcdd-9920f859dd11/band_math.png",
    "compositor": "least_recent",
    "query_type": 1,
    "mosaic_path": "/datacube/ui_results/spectral_indices/e6bcaf8d-25a8-4b0e-bcdd-9920f859dd11/png_mosaic.png",
    "plot_path": "/datacube/ui_results/spectral_indices/e6bcaf8d-25a8-4b0e-bcdd-9920f859dd11/plot_path.png",
    "data_path": "/datacube/ui_results/spectral_indices/e6bcaf8d-25a8-4b0e-bcdd-9920f859dd11/data_tif.tif",
    "data_netcdf_path": "/datacube/ui_results/spectral_indices/e6bcaf8d-25a8-4b0e-bcdd-9920f859dd11/data_netcdf.nc"
  }
},
{
  "model": "tsm.userhistory",
  "pk": 279,
  "fields": {
    "user_id": 550,
    "task_id": "16b95475-0776-4b71-aab2-901b61fe1742"
  }
},
{
  "model": "tsm.userhistory",
  "pk": 280,
  "fields": {
    "user_id": 550,
    "task_id": "e3b26f49-510f-42fe-af36-a83ebe703e55"
  }
},
{
  "model": "tsm.userhistory",
  "pk": 281,
  "fields": {
    "user_id": 550,
    "task_id": "db1697ce-bef7-48b0-90e4-fab4f1e16bd3"
  }
},
{
  "model": "tsm.userhistory",
  "pk": 282,
  "fields": {
    "user_id": 550,
    "task_id": "1199461e-c043-4dc3-99f2-abb6f541bed1"
  }
},
{
  "model": "tsm.userhistory",
  "pk": 283,
  "fields": {
    "user_id": 550,
    "task_id": "811bab8f-242a-44d6-8876-434737479795"
  }
},
{
  "model": "tsm.userhistory",
  "pk": 284,
  "fields": {
    "user_id": 550,
    "task_id": "d137f02f-dd82-4ec2-b439-247bf85178b3"
  }
},
{
  "model": "tsm.userhistory",
  "pk": 285,
  "fields": {
    "user_id": 550,
    "task_id": "63a498d1-b7b0-4b4b-8b4f-524088b3b07a"
  }
},
{
  "model": "tsm.userhistory",
  "pk": 286,
  "fields": {
    "user_id": 550,
    "task_id": "9da8345c-fcc0-416a-9e3c-475116fb1206"
  }
},
{
  "model": "tsm.toolinfo",
  "pk": 15,
  "fields": {
    "image_path": "/static/assets/images/thumbnails/tsm_1.png",
    "image_title": "Total Suspended Matter",
    "image_description": "The TSM tool allows users to run an algorithm to determine the average amount of suspended matter in a given area."
  }
},
{
  "model": "tsm.toolinfo",
  "pk": 16,
  "fields": {
    "image_path": "/static/assets/images/thumbnails/tsm_2.png",
    "image_title": "Time Series Analysis",
    "image_description": "Run analyses over a given time period and geographic area to produce a single cumulative product from multiple time slices."
  }
},
{
  "model": "tsm.toolinfo",
  "pk": 17,
  "fields": {
    "image_path": "/static/assets/images/thumbnails/tsm_3.png",
    "image_title": "Animated Images",
    "image_description": "Create animated GIFs of TSM values over time to show trends of increasing or decreasing suspended matter."
  }
},
{
  "model": "tsm.resulttype",
  "pk": 5,
  "fields": {
    "result_id": "normalized_data",
    "name": "Average TSM",
    "data_variable": "normalized_data"
  }
},
{
  "model": "tsm.resulttype",
  "pk": 6,
  "fields": {
    "result_id": "min",
    "name": "Minimum TSM",
    "data_variable": "min"
  }
},
{
  "model": "tsm.resulttype",
  "pk": 7,
  "fields": {
    "result_id": "max",
    "name": "Maximum TSM",
    "data_variable": "max"
  }
},
{
  "model": "tsm.resulttype",
  "pk": 8,
  "fields": {
    "result_id": "variability",
    "name": "TSM Variability",
    "data_variable": "variability"
  }
},
{
  "model": "tsm.animationtype",
  "pk": 0,
  "fields": {
    "animation_id": "none",
    "name": "None",
    "data_variable": "None"
  }
},
{
  "model": "tsm.animationtype",
  "pk": 1,
  "fields": {
    "animation_id": "scene",
    "name": "Scene",
    "data_variable": "tsm"
  }
},
{
  "model": "tsm.animationtype",
  "pk": 2,
  "fields": {
    "animation_id": "cumulative_average",
    "name": "Cumulative Average",
    "data_variable": "normalized_data"
  }
},
{
  "model": "tsm.tsmtask",
  "pk": "1199461e-c043-4dc3-99f2-abb6f541bed1",
  "fields": {
    "title": "TSM Query",
    "description": "None",
    "execution_start": "2019-04-01T19:20:25.167Z",
    "execution_end": "2019-04-01T19:20:50.058Z",
    "area_id": "ghana",
    "satellite": 1,
    "time_start": "2015-06-06",
    "time_end": "2016-01-06",
    "latitude_min": 9.11686707124126,
    "latitude_max": 9.67391237892407,
    "longitude_min": -3.18663872312308,
    "longitude_max": -2.6223170616389,
    "pixel_drill_task": false,
    "complete": true,
    "pixel_count": 4332460,
    "clean_pixel_count": 4332460,
    "percentage_clean_pixels": 100.0,
    "acquisition_list": "12/28/2015,12/12/2015,11/26/2015,11/10/2015,10/25/2015,08/06/2015",
    "clean_pixels_per_acquisition": "0,1,0,0,179,0",
    "clean_pixel_percentages_per_acquisition": "0.0,2.3081574902018716e-05,0.0,0.0,0.0041316019074613495,0.0",
    "status": "OK",
    "message": "All products have been generated. Your result will be loaded on the map.",
    "scenes_processed": 6,
    "total_scenes": 6,
    "result_path": "/datacube/ui_results/tsm/1199461e-c043-4dc3-99f2-abb6f541bed1/tsm.png",
    "query_type": 5,
    "animated_product": 0,
    "clear_observations_path": "/datacube/ui_results/tsm/1199461e-c043-4dc3-99f2-abb6f541bed1/clear_observations.png",
    "water_percentage_path": "/datacube/ui_results/tsm/1199461e-c043-4dc3-99f2-abb6f541bed1/water_percentage.png",
    "plot_path": "/datacube/ui_results/tsm/1199461e-c043-4dc3-99f2-abb6f541bed1/plot_path.png",
    "animation_path": "",
    "data_path": "/datacube/ui_results/tsm/1199461e-c043-4dc3-99f2-abb6f541bed1/data_tif.tif",
    "data_netcdf_path": "/datacube/ui_results/tsm/1199461e-c043-4dc3-99f2-abb6f541bed1/data_netcdf.nc"
  }
},
{
  "model": "tsm.tsmtask",
  "pk": "16b95475-0776-4b71-aab2-901b61fe1742",
  "fields": {
    "title": "TSM Query",
    "description": "None",
    "execution_start": "2019-04-01T18:55:15.568Z",
    "execution_end": "2019-04-01T18:55:34.029Z",
    "area_id": "ghana",
    "satellite": 1,
    "time_start": "2015-06-06",
    "time_end": "2016-06-06",
    "latitude_min": 9.18612717964692,
    "latitude_max": 9.64534595288906,
    "longitude_min": -3.58629919302807,
    "longitude_max": -3.20738980618625,
    "pixel_drill_task": false,
    "complete": true,
    "pixel_count": 2398935,
    "clean_pixel_count": 2398935,
    "percentage_clean_pixels": 100.0,
    "acquisition_list": "05/20/2016,05/04/2016,04/02/2016,03/17/2016,02/14/2016,01/29/2016,01/13/2016,12/28/2015,12/12/2015,11/26/2015,11/10/2015,10/25/2015,08/06/2015",
    "clean_pixels_per_acquisition": "0,0,0,0,0,0,0,0,0,0,0,0,0",
    "clean_pixel_percentages_per_acquisition": "0.0,0.0,0.0,0.0,0.0,0.0,0.0,0.0,0.0,0.0,0.0,0.0,0.0",
    "status": "OK",
    "message": "All products have been generated. Your result will be loaded on the map.",
    "scenes_processed": 13,
    "total_scenes": 13,
    "result_path": "/datacube/ui_results/tsm/16b95475-0776-4b71-aab2-901b61fe1742/tsm.png",
    "query_type": 5,
    "animated_product": 0,
    "clear_observations_path": "/datacube/ui_results/tsm/16b95475-0776-4b71-aab2-901b61fe1742/clear_observations.png",
    "water_percentage_path": "/datacube/ui_results/tsm/16b95475-0776-4b71-aab2-901b61fe1742/water_percentage.png",
    "plot_path": "/datacube/ui_results/tsm/16b95475-0776-4b71-aab2-901b61fe1742/plot_path.png",
    "animation_path": "",
    "data_path": "/datacube/ui_results/tsm/16b95475-0776-4b71-aab2-901b61fe1742/data_tif.tif",
    "data_netcdf_path": "/datacube/ui_results/tsm/16b95475-0776-4b71-aab2-901b61fe1742/data_netcdf.nc"
  }
},
{
  "model": "tsm.tsmtask",
  "pk": "63a498d1-b7b0-4b4b-8b4f-524088b3b07a",
  "fields": {
    "title": "TSM Query",
    "description": "None",
    "execution_start": "2019-04-01T19:21:18.171Z",
    "execution_end": "2019-04-01T19:21:31.791Z",
    "area_id": "ghana",
    "satellite": 1,
    "time_start": "2015-06-06",
    "time_end": "2016-01-06",
    "latitude_min": 8.17606147418239,
    "latitude_max": 8.56736761194506,
    "longitude_min": -2.45738637547447,
    "longitude_max": -2.17333908263572,
    "pixel_drill_task": false,
    "complete": true,
    "pixel_count": 1532915,
    "clean_pixel_count": 1532915,
    "percentage_clean_pixels": 100.0,
    "acquisition_list": "12/28/2015,12/12/2015,11/26/2015,11/10/2015,10/25/2015,08/06/2015",
    "clean_pixels_per_acquisition": "0,0,90911,54605,0,0",
    "clean_pixel_percentages_per_acquisition": "0.0,0.0,5.93059628224657,3.562167504395221,0.0,0.0",
    "status": "OK",
    "message": "All products have been generated. Your result will be loaded on the map.",
    "scenes_processed": 6,
    "total_scenes": 6,
    "result_path": "/datacube/ui_results/tsm/63a498d1-b7b0-4b4b-8b4f-524088b3b07a/tsm.png",
    "query_type": 5,
    "animated_product": 0,
    "clear_observations_path": "/datacube/ui_results/tsm/63a498d1-b7b0-4b4b-8b4f-524088b3b07a/clear_observations.png",
    "water_percentage_path": "/datacube/ui_results/tsm/63a498d1-b7b0-4b4b-8b4f-524088b3b07a/water_percentage.png",
    "plot_path": "/datacube/ui_results/tsm/63a498d1-b7b0-4b4b-8b4f-524088b3b07a/plot_path.png",
    "animation_path": "",
    "data_path": "/datacube/ui_results/tsm/63a498d1-b7b0-4b4b-8b4f-524088b3b07a/data_tif.tif",
    "data_netcdf_path": "/datacube/ui_results/tsm/63a498d1-b7b0-4b4b-8b4f-524088b3b07a/data_netcdf.nc"
  }
},
{
  "model": "tsm.tsmtask",
  "pk": "811bab8f-242a-44d6-8876-434737479795",
  "fields": {
    "title": "TSM Query",
    "description": "None",
    "execution_start": "2019-04-01T19:20:35.181Z",
    "execution_end": "2019-04-01T19:20:55.532Z",
    "area_id": "ghana",
    "satellite": 1,
    "time_start": "2015-06-06",
    "time_end": "2016-01-06",
    "latitude_min": 8.49002266598233,
    "latitude_max": 9.12899432757688,
    "longitude_min": -3.52862735178757,
    "longitude_max": -3.08773421034147,
    "pixel_drill_task": false,
    "complete": true,
    "pixel_count": 3882964,
    "clean_pixel_count": 3882964,
    "percentage_clean_pixels": 100.0,
    "acquisition_list": "12/28/2015,12/12/2015,11/26/2015,11/10/2015,10/25/2015,08/06/2015",
    "clean_pixels_per_acquisition": "0,0,0,0,0,0",
    "clean_pixel_percentages_per_acquisition": "0.0,0.0,0.0,0.0,0.0,0.0",
    "status": "OK",
    "message": "All products have been generated. Your result will be loaded on the map.",
    "scenes_processed": 6,
    "total_scenes": 6,
    "result_path": "/datacube/ui_results/tsm/811bab8f-242a-44d6-8876-434737479795/tsm.png",
    "query_type": 5,
    "animated_product": 0,
    "clear_observations_path": "/datacube/ui_results/tsm/811bab8f-242a-44d6-8876-434737479795/clear_observations.png",
    "water_percentage_path": "/datacube/ui_results/tsm/811bab8f-242a-44d6-8876-434737479795/water_percentage.png",
    "plot_path": "/datacube/ui_results/tsm/811bab8f-242a-44d6-8876-434737479795/plot_path.png",
    "animation_path": "",
    "data_path": "/datacube/ui_results/tsm/811bab8f-242a-44d6-8876-434737479795/data_tif.tif",
    "data_netcdf_path": "/datacube/ui_results/tsm/811bab8f-242a-44d6-8876-434737479795/data_netcdf.nc"
  }
},
{
  "model": "tsm.tsmtask",
  "pk": "9da8345c-fcc0-416a-9e3c-475116fb1206",
  "fields": {
    "title": "TSM Query",
    "description": "None",
    "execution_start": "2019-04-02T18:33:36.662Z",
    "execution_end": "2019-04-02T18:33:41.583Z",
    "area_id": "ghana",
    "satellite": 1,
    "time_start": "2015-06-06",
    "time_end": "2016-06-06",
    "latitude_min": 8.36901959721136,
    "latitude_max": 8.44663403775933,
    "longitude_min": -2.35848186269285,
    "longitude_max": -2.26793168205356,
    "pixel_drill_task": false,
    "complete": true,
    "pixel_count": 97393,
    "clean_pixel_count": 97393,
    "percentage_clean_pixels": 100.0,
    "acquisition_list": "05/20/2016,05/04/2016,04/02/2016,03/17/2016,02/14/2016,01/29/2016,01/13/2016,12/28/2015,12/12/2015,11/26/2015,11/10/2015,10/25/2015,08/06/2015",
    "clean_pixels_per_acquisition": "0,0,2,221,0,0,2076,0,0,30252,19223,0,0",
    "clean_pixel_percentages_per_acquisition": "0.0,0.0,0.002053535675048515,0.2269156920928609,0.0,0.0,2.131570030700358,0.0,0.0,31.061780620783836,19.7375581407288,0.0,0.0",
    "status": "OK",
    "message": "All products have been generated. Your result will be loaded on the map.",
    "scenes_processed": 13,
    "total_scenes": 13,
    "result_path": "/datacube/ui_results/tsm/9da8345c-fcc0-416a-9e3c-475116fb1206/tsm.png",
    "query_type": 5,
    "animated_product": 0,
    "clear_observations_path": "/datacube/ui_results/tsm/9da8345c-fcc0-416a-9e3c-475116fb1206/clear_observations.png",
    "water_percentage_path": "/datacube/ui_results/tsm/9da8345c-fcc0-416a-9e3c-475116fb1206/water_percentage.png",
    "plot_path": "/datacube/ui_results/tsm/9da8345c-fcc0-416a-9e3c-475116fb1206/plot_path.png",
    "animation_path": "",
    "data_path": "/datacube/ui_results/tsm/9da8345c-fcc0-416a-9e3c-475116fb1206/data_tif.tif",
    "data_netcdf_path": "/datacube/ui_results/tsm/9da8345c-fcc0-416a-9e3c-475116fb1206/data_netcdf.nc"
  }
},
{
  "model": "tsm.tsmtask",
  "pk": "d137f02f-dd82-4ec2-b439-247bf85178b3",
  "fields": {
    "title": "TSM Query",
    "description": "None",
    "execution_start": "2019-04-01T19:21:08.683Z",
    "execution_end": "2019-04-01T19:21:41.130Z",
    "area_id": "ghana",
    "satellite": 1,
    "time_start": "2015-06-06",
    "time_end": "2016-01-06",
    "latitude_min": 8.48598024720379,
    "latitude_max": 9.1777728475046,
    "longitude_min": -3.09177662912001,
    "longitude_max": -2.49457662823703,
    "pixel_drill_task": false,
    "complete": true,
    "pixel_count": 5693256,
    "clean_pixel_count": 5693256,
    "percentage_clean_pixels": 100.0,
    "acquisition_list": "12/28/2015,12/12/2015,11/26/2015,11/10/2015,10/25/2015,08/06/2015",
    "clean_pixels_per_acquisition": "0,2,0,0,0,0",
    "clean_pixel_percentages_per_acquisition": "0.0,3.512928278651092e-05,0.0,0.0,0.0,0.0",
    "status": "OK",
    "message": "All products have been generated. Your result will be loaded on the map.",
    "scenes_processed": 6,
    "total_scenes": 6,
    "result_path": "/datacube/ui_results/tsm/d137f02f-dd82-4ec2-b439-247bf85178b3/tsm.png",
    "query_type": 5,
    "animated_product": 0,
    "clear_observations_path": "/datacube/ui_results/tsm/d137f02f-dd82-4ec2-b439-247bf85178b3/clear_observations.png",
    "water_percentage_path": "/datacube/ui_results/tsm/d137f02f-dd82-4ec2-b439-247bf85178b3/water_percentage.png",
    "plot_path": "/datacube/ui_results/tsm/d137f02f-dd82-4ec2-b439-247bf85178b3/plot_path.png",
    "animation_path": "",
    "data_path": "/datacube/ui_results/tsm/d137f02f-dd82-4ec2-b439-247bf85178b3/data_tif.tif",
    "data_netcdf_path": "/datacube/ui_results/tsm/d137f02f-dd82-4ec2-b439-247bf85178b3/data_netcdf.nc"
  }
},
{
  "model": "tsm.tsmtask",
  "pk": "db1697ce-bef7-48b0-90e4-fab4f1e16bd3",
  "fields": {
    "title": "TSM Query",
    "description": "None",
    "execution_start": "2019-04-01T19:20:02.062Z",
    "execution_end": "2019-04-01T19:20:16.820Z",
    "area_id": "ghana",
    "satellite": 1,
    "time_start": "2015-06-06",
    "time_end": "2016-01-06",
    "latitude_min": 9.12522140338358,
    "latitude_max": 9.67391237892407,
    "longitude_min": -3.54102410270842,
    "longitude_max": -3.18663872312308,
    "pixel_drill_task": false,
    "complete": true,
    "pixel_count": 2680692,
    "clean_pixel_count": 2680692,
    "percentage_clean_pixels": 100.0,
    "acquisition_list": "12/28/2015,12/12/2015,11/26/2015,11/10/2015,10/25/2015,08/06/2015",
    "clean_pixels_per_acquisition": "0,0,0,0,0,0",
    "clean_pixel_percentages_per_acquisition": "0.0,0.0,0.0,0.0,0.0,0.0",
    "status": "OK",
    "message": "All products have been generated. Your result will be loaded on the map.",
    "scenes_processed": 6,
    "total_scenes": 6,
    "result_path": "/datacube/ui_results/tsm/db1697ce-bef7-48b0-90e4-fab4f1e16bd3/tsm.png",
    "query_type": 5,
    "animated_product": 0,
    "clear_observations_path": "/datacube/ui_results/tsm/db1697ce-bef7-48b0-90e4-fab4f1e16bd3/clear_observations.png",
    "water_percentage_path": "/datacube/ui_results/tsm/db1697ce-bef7-48b0-90e4-fab4f1e16bd3/water_percentage.png",
    "plot_path": "/datacube/ui_results/tsm/db1697ce-bef7-48b0-90e4-fab4f1e16bd3/plot_path.png",
    "animation_path": "",
    "data_path": "/datacube/ui_results/tsm/db1697ce-bef7-48b0-90e4-fab4f1e16bd3/data_tif.tif",
    "data_netcdf_path": "/datacube/ui_results/tsm/db1697ce-bef7-48b0-90e4-fab4f1e16bd3/data_netcdf.nc"
  }
},
{
  "model": "tsm.tsmtask",
  "pk": "e3b26f49-510f-42fe-af36-a83ebe703e55",
  "fields": {
    "title": "TSM Query",
    "description": "None",
    "execution_start": "2019-04-01T19:19:52.351Z",
    "execution_end": "2019-04-01T19:19:52.351Z",
    "area_id": "ghana",
    "satellite": 1,
    "time_start": "2015-06-06",
    "time_end": "2016-01-06",
    "latitude_min": 9.4016,
    "latitude_max": 9.5519,
    "longitude_min": -3.4915,
    "longitude_max": -3.3638,
    "pixel_drill_task": false,
    "complete": true,
    "pixel_count": 0,
    "clean_pixel_count": 0,
    "percentage_clean_pixels": 0.0,
    "acquisition_list": "",
    "clean_pixels_per_acquisition": "",
    "clean_pixel_percentages_per_acquisition": "",
    "status": "ERROR",
    "message": "There are no acquistions for this parameter set.",
    "scenes_processed": 0,
    "total_scenes": 0,
    "result_path": "",
    "query_type": 5,
    "animated_product": 0,
    "clear_observations_path": "",
    "water_percentage_path": "",
    "plot_path": "",
    "animation_path": "None",
    "data_path": "",
    "data_netcdf_path": ""
  }
},
{
  "model": "urbanization.userhistory",
  "pk": 358,
  "fields": {
    "user_id": 550,
    "task_id": "edd87976-603e-41b0-8e1b-8ca53b80179e"
  }
},
{
  "model": "urbanization.userhistory",
  "pk": 359,
  "fields": {
    "user_id": 550,
    "task_id": "49d920e9-dac0-46fb-890e-ce657c18537f"
  }
},
{
  "model": "urbanization.userhistory",
  "pk": 360,
  "fields": {
    "user_id": 550,
    "task_id": "95ac7bbf-4edb-4898-a2b7-e0d80006d9b8"
  }
},
{
  "model": "urbanization.userhistory",
  "pk": 361,
  "fields": {
    "user_id": 550,
    "task_id": "5d071634-143e-4321-ae4b-86d07eaf47b3"
  }
},
{
  "model": "urbanization.userhistory",
  "pk": 362,
  "fields": {
    "user_id": 550,
    "task_id": "0c630f50-9f37-4d43-862c-586501e3c819"
  }
},
{
  "model": "urbanization.toolinfo",
  "pk": 1,
  "fields": {
    "image_path": "/static/assets/images/thumbnails/urbanization_2.png",
    "image_title": "Create Filtered Mosaics for Analysis Cases",
    "image_description": "Create a filtered mosaic before analysis to increase accuracy and reduce execution time."
  }
},
{
  "model": "urbanization.toolinfo",
  "pk": 2,
  "fields": {
    "image_path": "/static/assets/images/thumbnails/urbanization_1.png",
    "image_title": "Pixel Preference",
    "image_description": "Choose how the 'best' pixel will be chosen: Most recent, least recent, median, geometric median, or min/max urbanization."
  }
},
{
  "model": "urbanization.toolinfo",
  "pk": 3,
  "fields": {
    "image_path": "/static/assets/images/thumbnails/urbanization_3.png",
    "image_title": "Compute Indices to Visualize Area Content",
    "image_description": "Visualize area contents with the use of well known remote sensing indices."
  }
},
{
  "model": "urbanization.urbanizationtask",
  "pk": "0c630f50-9f37-4d43-862c-586501e3c819",
  "fields": {
    "title": "Urbanization Query",
    "description": "None",
    "execution_start": "2019-04-02T18:38:28.993Z",
    "execution_end": "2019-04-02T18:38:33.173Z",
    "area_id": "togo",
    "satellite": 1,
    "time_start": "2015-06-06",
    "time_end": "2016-06-06",
    "latitude_min": 5.8354,
    "latitude_max": 5.9397,
    "longitude_min": 0.6965,
    "longitude_max": 0.8305,
    "pixel_drill_task": false,
    "complete": true,
    "pixel_count": 190575,
    "clean_pixel_count": 181987,
    "percentage_clean_pixels": 95.4936376754559,
    "acquisition_list": "04/29/2016,04/13/2016,02/25/2016,02/09/2016,01/24/2016,01/08/2016,12/23/2015,12/07/2015,11/05/2015,10/20/2015,08/01/2015",
    "clean_pixels_per_acquisition": "75856,8389,23177,1419,84957,77733,84447,0,43312,0,91520",
    "clean_pixel_percentages_per_acquisition": "39.8037518037518,4.401941492850583,12.16161616161616,0.7445887445887446,44.5792994883904,40.78866587957497,44.311688311688314,0.0,22.727010363374,0.0,48.02308802308802",
    "status": "OK",
    "message": "All products have been generated. Your result will be loaded on the map.",
    "scenes_processed": 11,
    "total_scenes": 11,
    "result_path": "/datacube/ui_results/urbanization/0c630f50-9f37-4d43-862c-586501e3c819/urbanization.png",
    "compositor": "least_recent",
    "mosaic_path": "/datacube/ui_results/urbanization/0c630f50-9f37-4d43-862c-586501e3c819/png_mosaic.png",
    "plot_path": "/datacube/ui_results/urbanization/0c630f50-9f37-4d43-862c-586501e3c819/plot_path.png",
    "data_path": "/datacube/ui_results/urbanization/0c630f50-9f37-4d43-862c-586501e3c819/data_tif.tif",
    "data_netcdf_path": "/datacube/ui_results/urbanization/0c630f50-9f37-4d43-862c-586501e3c819/data_netcdf.nc"
  }
},
{
  "model": "urbanization.urbanizationtask",
  "pk": "49d920e9-dac0-46fb-890e-ce657c18537f",
  "fields": {
    "title": "Urbanization Query",
    "description": "None",
    "execution_start": "2019-04-01T18:56:24.447Z",
    "execution_end": "2019-04-01T18:56:28.378Z",
    "area_id": "ghana",
    "satellite": 1,
    "time_start": "2015-06-06",
    "time_end": "2016-06-06",
    "latitude_min": 9.0559,
    "latitude_max": 9.1983,
    "longitude_min": -3.5492,
    "longitude_max": -3.1496,
    "pixel_drill_task": false,
    "complete": true,
    "pixel_count": 784507,
    "clean_pixel_count": 256745,
    "percentage_clean_pixels": 32.7269227680569,
    "acquisition_list": "05/20/2016,05/04/2016,04/02/2016,03/17/2016,02/14/2016,01/29/2016,01/13/2016,12/28/2015,12/12/2015,11/26/2015,11/10/2015,10/25/2015,08/06/2015",
    "clean_pixels_per_acquisition": "112628,129631,42756,0,135413,54855,157164,130035,135579,111141,106816,231,20924",
    "clean_pixel_percentages_per_acquisition": "14.356532191554695,16.523880602722475,5.450046972174881,0.0,17.260903981736302,6.992289425078425,20.033473251354035,16.575377912497913,17.28206376743611,14.166986400376286,13.615684754884278,0.0294452439557582,2.6671527468843492",
    "status": "OK",
    "message": "All products have been generated. Your result will be loaded on the map.",
    "scenes_processed": 13,
    "total_scenes": 13,
    "result_path": "/datacube/ui_results/urbanization/49d920e9-dac0-46fb-890e-ce657c18537f/urbanization.png",
    "compositor": "least_recent",
    "mosaic_path": "/datacube/ui_results/urbanization/49d920e9-dac0-46fb-890e-ce657c18537f/png_mosaic.png",
    "plot_path": "/datacube/ui_results/urbanization/49d920e9-dac0-46fb-890e-ce657c18537f/plot_path.png",
    "data_path": "/datacube/ui_results/urbanization/49d920e9-dac0-46fb-890e-ce657c18537f/data_tif.tif",
    "data_netcdf_path": "/datacube/ui_results/urbanization/49d920e9-dac0-46fb-890e-ce657c18537f/data_netcdf.nc"
  }
},
{
  "model": "urbanization.urbanizationtask",
  "pk": "5d071634-143e-4321-ae4b-86d07eaf47b3",
  "fields": {
    "title": "Urbanization Query",
    "description": "None",
    "execution_start": "2019-04-02T13:48:25.437Z",
    "execution_end": "2019-04-02T13:48:27.404Z",
    "area_id": "ghana",
    "satellite": 1,
    "time_start": "2015-06-06",
    "time_end": "2016-06-06",
    "latitude_min": 8.2875,
    "latitude_max": 8.3079,
    "longitude_min": -2.4616,
    "longitude_max": -2.441,
    "pixel_drill_task": false,
    "complete": true,
    "pixel_count": 5928,
    "clean_pixel_count": 5928,
    "percentage_clean_pixels": 100.0,
    "acquisition_list": "05/20/2016,05/04/2016,04/02/2016,03/17/2016,02/14/2016,01/29/2016,01/13/2016,12/28/2015,12/12/2015,11/26/2015,11/10/2015,10/25/2015,08/06/2015",
    "clean_pixels_per_acquisition": "263,5139,0,5611,4376,4985,5384,5499,5578,1390,5227,0,408",
    "clean_pixel_percentages_per_acquisition": "4.436572199730095,86.69028340080972,0.0,94.65249662618083,73.8191632928475,84.09244264507423,90.82321187584346,92.76315789473684,94.09581646423752,23.44804318488529,88.17476383265857,0.0,6.882591093117409",
    "status": "OK",
    "message": "All products have been generated. Your result will be loaded on the map.",
    "scenes_processed": 13,
    "total_scenes": 13,
    "result_path": "/datacube/ui_results/urbanization/5d071634-143e-4321-ae4b-86d07eaf47b3/urbanization.png",
    "compositor": "least_recent",
    "mosaic_path": "/datacube/ui_results/urbanization/5d071634-143e-4321-ae4b-86d07eaf47b3/png_mosaic.png",
    "plot_path": "/datacube/ui_results/urbanization/5d071634-143e-4321-ae4b-86d07eaf47b3/plot_path.png",
    "data_path": "/datacube/ui_results/urbanization/5d071634-143e-4321-ae4b-86d07eaf47b3/data_tif.tif",
    "data_netcdf_path": "/datacube/ui_results/urbanization/5d071634-143e-4321-ae4b-86d07eaf47b3/data_netcdf.nc"
  }
},
{
  "model": "urbanization.urbanizationtask",
  "pk": "95ac7bbf-4edb-4898-a2b7-e0d80006d9b8",
  "fields": {
    "title": "Urbanization Query",
    "description": "None",
    "execution_start": "2019-04-01T18:56:28.064Z",
    "execution_end": "2019-04-01T18:56:38.545Z",
    "area_id": "ghana",
    "satellite": 1,
    "time_start": "2015-06-06",
    "time_end": "2016-06-06",
    "latitude_min": 9.0966,
    "latitude_max": 9.6169,
    "longitude_min": -3.2238,
    "longitude_max": -2.9395,
    "pixel_drill_task": false,
    "complete": true,
    "pixel_count": 2039136,
    "clean_pixel_count": 1917872,
    "percentage_clean_pixels": 94.0531676160884,
    "acquisition_list": "05/20/2016,05/04/2016,04/02/2016,03/17/2016,02/14/2016,01/29/2016,01/13/2016,12/28/2015,12/12/2015,11/26/2015,11/10/2015,10/25/2015,08/06/2015",
    "clean_pixels_per_acquisition": "648530,1139964,804904,0,982596,270685,1198404,259898,1075864,1112460,1105925,659041,226180",
    "clean_pixel_percentages_per_acquisition": "31.804156270106557,55.90426533590697,39.47279632157934,0.0,48.18687914881597,13.274494687946268,58.770185019537685,12.745496131694992,52.76077711344413,54.5554587825432,54.23497991306122,32.31961968206142,11.091952670150494",
    "status": "OK",
    "message": "All products have been generated. Your result will be loaded on the map.",
    "scenes_processed": 13,
    "total_scenes": 13,
    "result_path": "/datacube/ui_results/urbanization/95ac7bbf-4edb-4898-a2b7-e0d80006d9b8/urbanization.png",
    "compositor": "least_recent",
    "mosaic_path": "/datacube/ui_results/urbanization/95ac7bbf-4edb-4898-a2b7-e0d80006d9b8/png_mosaic.png",
    "plot_path": "/datacube/ui_results/urbanization/95ac7bbf-4edb-4898-a2b7-e0d80006d9b8/plot_path.png",
    "data_path": "/datacube/ui_results/urbanization/95ac7bbf-4edb-4898-a2b7-e0d80006d9b8/data_tif.tif",
    "data_netcdf_path": "/datacube/ui_results/urbanization/95ac7bbf-4edb-4898-a2b7-e0d80006d9b8/data_netcdf.nc"
  }
},
{
  "model": "urbanization.urbanizationtask",
  "pk": "edd87976-603e-41b0-8e1b-8ca53b80179e",
  "fields": {
    "title": "Urbanization Query",
    "description": "None",
    "execution_start": "2019-04-01T18:56:08.533Z",
    "execution_end": "2019-04-01T18:56:16.115Z",
    "area_id": "ghana",
    "satellite": 1,
    "time_start": "2015-06-06",
    "time_end": "2016-06-06",
    "latitude_min": 9.1861,
    "latitude_max": 9.6453,
    "longitude_min": -3.5863,
    "longitude_max": -3.2073,
    "pixel_drill_task": false,
    "complete": true,
    "pixel_count": 2398935,
    "clean_pixel_count": 115555,
    "percentage_clean_pixels": 4.81692917898984,
    "acquisition_list": "05/20/2016,05/04/2016,04/02/2016,03/17/2016,02/14/2016,01/29/2016,01/13/2016,12/28/2015,12/12/2015,11/26/2015,11/10/2015,10/25/2015,08/06/2015",
    "clean_pixels_per_acquisition": "14722,34556,13035,0,42374,10914,79997,39842,42771,25989,25195,11739,0",
    "clean_pixel_percentages_per_acquisition": "0.6136889911564923,1.4404725430243004,0.5433661187151798,0.0,1.7663671587600331,0.4549518848989239,3.334688101178231,1.6608203223513767,1.782916169050016,1.0833557391092297,1.050257718529264,0.4893421455770998,0.0",
    "status": "OK",
    "message": "All products have been generated. Your result will be loaded on the map.",
    "scenes_processed": 13,
    "total_scenes": 13,
    "result_path": "/datacube/ui_results/urbanization/edd87976-603e-41b0-8e1b-8ca53b80179e/urbanization.png",
    "compositor": "least_recent",
    "mosaic_path": "/datacube/ui_results/urbanization/edd87976-603e-41b0-8e1b-8ca53b80179e/png_mosaic.png",
    "plot_path": "/datacube/ui_results/urbanization/edd87976-603e-41b0-8e1b-8ca53b80179e/plot_path.png",
    "data_path": "/datacube/ui_results/urbanization/edd87976-603e-41b0-8e1b-8ca53b80179e/data_tif.tif",
    "data_netcdf_path": "/datacube/ui_results/urbanization/edd87976-603e-41b0-8e1b-8ca53b80179e/data_netcdf.nc"
  }
},
{
  "model": "water_detection.userhistory",
  "pk": 745,
  "fields": {
    "user_id": 550,
    "task_id": "95e8c5c7-17a6-418d-8b80-3ff6f22cebe2"
  }
},
{
  "model": "water_detection.userhistory",
  "pk": 746,
  "fields": {
    "user_id": 550,
    "task_id": "18289b37-d085-41d2-a954-e69f1f103b5a"
  }
},
{
  "model": "water_detection.userhistory",
  "pk": 747,
  "fields": {
    "user_id": 550,
    "task_id": "2d64c2cf-3499-497d-a2cf-6d61ca709bb4"
  }
},
{
  "model": "water_detection.userhistory",
  "pk": 748,
  "fields": {
    "user_id": 550,
    "task_id": "8c0ba232-8666-40d3-a1ba-73ef34319441"
  }
},
{
  "model": "water_detection.userhistory",
  "pk": 749,
  "fields": {
    "user_id": 550,
    "task_id": "0476706e-78f4-46ef-b3e1-4e975391f8b7"
  }
},
{
  "model": "water_detection.userhistory",
  "pk": 750,
  "fields": {
    "user_id": 550,
    "task_id": "53d666bf-8985-4fc1-930b-41336e6e593c"
  }
},
{
  "model": "water_detection.userhistory",
  "pk": 751,
  "fields": {
    "user_id": 550,
    "task_id": "6f0ebd62-dddc-48d7-93dc-50173f126447"
  }
},
{
  "model": "water_detection.userhistory",
  "pk": 752,
  "fields": {
    "user_id": 550,
    "task_id": "52158efe-043c-4e49-a227-e43142130089"
  }
},
{
  "model": "water_detection.toolinfo",
  "pk": 12,
  "fields": {
    "image_path": "/static/assets/images/thumbnails/water_detection_1.png",
    "image_title": "Water Detection",
    "image_description": "The Water Detection tool allows users to determine a per pixel analysis of water vs not-water for a given scene over many acquisitions."
  }
},
{
  "model": "water_detection.toolinfo",
  "pk": 13,
  "fields": {
    "image_path": "/static/assets/images/thumbnails/water_detection_2.png",
    "image_title": "Time Series Analysis",
    "image_description": "Run analyses over time producing outputs visualizing cumulative acquisitions, water observations, and water percentages."
  }
},
{
  "model": "water_detection.toolinfo",
  "pk": 14,
  "fields": {
    "image_path": "/static/assets/images/thumbnails/water_detection_3.png",
    "image_title": "Animated Images",
    "image_description": "Create animated GIFs of water levels over time to show trends of increasing or decreasing water levels."
  }
},
{
  "model": "water_detection.resulttype",
  "pk": 1,
  "fields": {
    "result_id": "black_background",
    "name": "Black",
    "fill": "black"
  }
},
{
  "model": "water_detection.resulttype",
  "pk": 2,
  "fields": {
    "result_id": "white_background",
    "name": "White",
    "fill": "white"
  }
},
{
  "model": "water_detection.resulttype",
  "pk": 3,
  "fields": {
    "result_id": "transparent_background",
    "name": "Transparent",
    "fill": "transparent"
  }
},
{
  "model": "water_detection.animationtype",
  "pk": 0,
  "fields": {
    "animation_id": "none",
    "name": "None",
    "data_variable": "None"
  }
},
{
  "model": "water_detection.animationtype",
  "pk": 1,
  "fields": {
    "animation_id": "scene",
    "name": "Scene",
    "data_variable": "wofs"
  }
},
{
  "model": "water_detection.animationtype",
  "pk": 2,
  "fields": {
    "animation_id": "cumulative_percentage",
    "name": "Cumulative Percentages",
    "data_variable": "normalized_data"
  }
},
{
  "model": "water_detection.animationtype",
  "pk": 3,
  "fields": {
    "animation_id": "cumulative_observations",
    "name": "Cumulative Observations",
    "data_variable": "total_data"
  }
},
{
  "model": "water_detection.waterdetectiontask",
  "pk": "0476706e-78f4-46ef-b3e1-4e975391f8b7",
  "fields": {
    "title": "Water Detection Query",
    "description": "None",
    "execution_start": "2019-04-02T18:42:09.528Z",
    "execution_end": "2019-04-02T18:42:14.134Z",
    "area_id": "ghana",
    "satellite": 1,
    "time_start": "2015-06-06",
    "time_end": "2016-06-06",
    "latitude_min": 8.3758,
    "latitude_max": 8.42076,
    "longitude_min": -2.3297,
    "longitude_max": -2.2844,
    "pixel_drill_task": false,
    "complete": true,
    "pixel_count": 28392,
    "clean_pixel_count": 28392,
    "percentage_clean_pixels": 100.0,
    "acquisition_list": "05/20/2016,05/04/2016,04/02/2016,03/17/2016,02/14/2016,01/29/2016,01/13/2016,12/28/2015,12/12/2015,11/26/2015,11/10/2015,10/25/2015,08/06/2015",
    "clean_pixels_per_acquisition": "24650,19569,24669,18291,24165,0,24246,0,24525,24645,24604,0,0",
    "clean_pixel_percentages_per_acquisition": "86.82023105100028,68.92434488588334,86.88715131022823,64.42307692307692,85.11200338123415,0.0,85.39729501267963,0.0,86.3799661876585,86.80262045646661,86.65821358129051,0.0,0.0",
    "status": "OK",
    "message": "All products have been generated. Your result will be loaded on the map.",
    "scenes_processed": 13,
    "total_scenes": 13,
    "result_path": "/datacube/ui_results/water_detection/0476706e-78f4-46ef-b3e1-4e975391f8b7/water_percentage.png",
    "query_type": 1,
    "animated_product": 1,
    "water_pixels_per_acquisition": "21778,17920,24646,17923,24165,0,24246,0,24525,24645,24604,0,0",
    "water_observations_path": "/datacube/ui_results/water_detection/0476706e-78f4-46ef-b3e1-4e975391f8b7/water_observations.png",
    "clear_observations_path": "/datacube/ui_results/water_detection/0476706e-78f4-46ef-b3e1-4e975391f8b7/clear_observations.png",
    "plot_path": "/datacube/ui_results/water_detection/0476706e-78f4-46ef-b3e1-4e975391f8b7/plot_path.png",
    "animation_path": "/datacube/ui_results/water_detection/0476706e-78f4-46ef-b3e1-4e975391f8b7/animation.gif",
    "data_path": "/datacube/ui_results/water_detection/0476706e-78f4-46ef-b3e1-4e975391f8b7/data_tif.tif",
    "data_netcdf_path": "/datacube/ui_results/water_detection/0476706e-78f4-46ef-b3e1-4e975391f8b7/data_netcdf.nc"
  }
},
{
  "model": "water_detection.waterdetectiontask",
  "pk": "18289b37-d085-41d2-a954-e69f1f103b5a",
  "fields": {
    "title": "Water Detection Query",
    "description": "None",
    "execution_start": "2019-04-02T18:39:42.858Z",
    "execution_end": "2019-04-02T18:39:46.166Z",
    "area_id": "ghana",
    "satellite": 1,
    "time_start": "2015-06-06",
    "time_end": "2016-06-06",
    "latitude_min": 8.4057,
    "latitude_max": 8.4506,
    "longitude_min": -2.3545,
    "longitude_max": -2.3215,
    "pixel_drill_task": false,
    "complete": true,
    "pixel_count": 20664,
    "clean_pixel_count": 20664,
    "percentage_clean_pixels": 100.0,
    "acquisition_list": "05/20/2016,05/04/2016,04/02/2016,03/17/2016,02/14/2016,01/29/2016,01/13/2016,12/28/2015,12/12/2015,11/26/2015,11/10/2015,10/25/2015,08/06/2015",
    "clean_pixels_per_acquisition": "18291,18197,18370,9747,18175,0,17978,0,18208,18212,18260,0,0",
    "clean_pixel_percentages_per_acquisition": "88.51626016260163,88.06136275648471,88.89856755710414,47.16898954703833,87.95489740611691,0.0,87.00154858691444,0.0,88.1145954316686,88.1339527680991,88.36624080526519,0.0,0.0",
    "status": "OK",
    "message": "All products have been generated. Your result will be loaded on the map.",
    "scenes_processed": 13,
    "total_scenes": 13,
    "result_path": "/datacube/ui_results/water_detection/18289b37-d085-41d2-a954-e69f1f103b5a/water_percentage.png",
    "query_type": 1,
    "animated_product": 0,
    "water_pixels_per_acquisition": "17659,17147,18369,8884,18175,0,17978,0,18208,18210,18260,0,0",
    "water_observations_path": "/datacube/ui_results/water_detection/18289b37-d085-41d2-a954-e69f1f103b5a/water_observations.png",
    "clear_observations_path": "/datacube/ui_results/water_detection/18289b37-d085-41d2-a954-e69f1f103b5a/clear_observations.png",
    "plot_path": "/datacube/ui_results/water_detection/18289b37-d085-41d2-a954-e69f1f103b5a/plot_path.png",
    "animation_path": "",
    "data_path": "/datacube/ui_results/water_detection/18289b37-d085-41d2-a954-e69f1f103b5a/data_tif.tif",
    "data_netcdf_path": "/datacube/ui_results/water_detection/18289b37-d085-41d2-a954-e69f1f103b5a/data_netcdf.nc"
  }
},
{
  "model": "water_detection.waterdetectiontask",
  "pk": "2d64c2cf-3499-497d-a2cf-6d61ca709bb4",
  "fields": {
    "title": "Water Detection Query",
    "description": "None",
    "execution_start": "2019-04-02T18:41:05.508Z",
    "execution_end": "2019-04-02T18:41:08.756Z",
    "area_id": "ghana",
    "satellite": 1,
    "time_start": "2015-06-06",
    "time_end": "2016-06-06",
    "latitude_min": 8.3758,
    "latitude_max": 8.4207,
    "longitude_min": -2.3297,
    "longitude_max": -2.2844,
    "pixel_drill_task": false,
    "complete": true,
    "pixel_count": 28392,
    "clean_pixel_count": 28392,
    "percentage_clean_pixels": 100.0,
    "acquisition_list": "05/20/2016,05/04/2016,04/02/2016,03/17/2016,02/14/2016,01/29/2016,01/13/2016,12/28/2015,12/12/2015,11/26/2015,11/10/2015,10/25/2015,08/06/2015",
    "clean_pixels_per_acquisition": "24650,19569,24669,18291,24165,0,24246,0,24525,24645,24604,0,0",
    "clean_pixel_percentages_per_acquisition": "86.82023105100028,68.92434488588334,86.88715131022823,64.42307692307692,85.11200338123415,0.0,85.39729501267963,0.0,86.3799661876585,86.80262045646661,86.65821358129051,0.0,0.0",
    "status": "OK",
    "message": "All products have been generated. Your result will be loaded on the map.",
    "scenes_processed": 13,
    "total_scenes": 13,
    "result_path": "/datacube/ui_results/water_detection/2d64c2cf-3499-497d-a2cf-6d61ca709bb4/water_percentage.png",
    "query_type": 1,
    "animated_product": 0,
    "water_pixels_per_acquisition": "21778,17920,24646,17923,24165,0,24246,0,24525,24645,24604,0,0",
    "water_observations_path": "/datacube/ui_results/water_detection/2d64c2cf-3499-497d-a2cf-6d61ca709bb4/water_observations.png",
    "clear_observations_path": "/datacube/ui_results/water_detection/2d64c2cf-3499-497d-a2cf-6d61ca709bb4/clear_observations.png",
    "plot_path": "/datacube/ui_results/water_detection/2d64c2cf-3499-497d-a2cf-6d61ca709bb4/plot_path.png",
    "animation_path": "",
    "data_path": "/datacube/ui_results/water_detection/2d64c2cf-3499-497d-a2cf-6d61ca709bb4/data_tif.tif",
    "data_netcdf_path": "/datacube/ui_results/water_detection/2d64c2cf-3499-497d-a2cf-6d61ca709bb4/data_netcdf.nc"
  }
},
{
  "model": "water_detection.waterdetectiontask",
  "pk": "52158efe-043c-4e49-a227-e43142130089",
  "fields": {
    "title": "Water Detection Query",
    "description": "None",
    "execution_start": "2019-04-02T18:57:01.402Z",
    "execution_end": "2019-04-02T18:57:06.646Z",
    "area_id": "ghana",
    "satellite": 1,
    "time_start": "2015-06-06",
    "time_end": "2016-06-06",
    "latitude_min": 8.377,
    "latitude_max": 8.4742,
    "longitude_min": -2.2809,
    "longitude_max": -2.2331,
    "pixel_drill_task": false,
    "complete": true,
    "pixel_count": 64258,
    "clean_pixel_count": 64258,
    "percentage_clean_pixels": 100.0,
    "acquisition_list": "05/20/2016,05/04/2016,04/02/2016,03/17/2016,02/14/2016,01/29/2016,01/13/2016,12/28/2015,12/12/2015,11/26/2015,11/10/2015,10/25/2015,08/06/2015",
    "clean_pixels_per_acquisition": "48674,34391,52846,8269,28276,17721,53584,18272,53382,54446,54414,0,5246",
    "clean_pixel_percentages_per_acquisition": "75.74776681502692,53.52018425721311,82.24034361480282,12.868436614896199,44.00385944162595,27.57788913442684,83.388838743814,28.435369915030034,83.0744809984749,84.73030595412244,84.68050670733605,0.0,8.163964020044197",
    "status": "OK",
    "message": "All products have been generated. Your result will be loaded on the map.",
    "scenes_processed": 13,
    "total_scenes": 13,
    "result_path": "/datacube/ui_results/water_detection/52158efe-043c-4e49-a227-e43142130089/water_percentage.png",
    "query_type": 1,
    "animated_product": 3,
    "water_pixels_per_acquisition": "7677,3027,14493,0,12148,0,28526,3,30511,31796,31531,0,13",
    "water_observations_path": "/datacube/ui_results/water_detection/52158efe-043c-4e49-a227-e43142130089/water_observations.png",
    "clear_observations_path": "/datacube/ui_results/water_detection/52158efe-043c-4e49-a227-e43142130089/clear_observations.png",
    "plot_path": "/datacube/ui_results/water_detection/52158efe-043c-4e49-a227-e43142130089/plot_path.png",
    "animation_path": "/datacube/ui_results/water_detection/52158efe-043c-4e49-a227-e43142130089/animation.gif",
    "data_path": "/datacube/ui_results/water_detection/52158efe-043c-4e49-a227-e43142130089/data_tif.tif",
    "data_netcdf_path": "/datacube/ui_results/water_detection/52158efe-043c-4e49-a227-e43142130089/data_netcdf.nc"
  }
},
{
  "model": "water_detection.waterdetectiontask",
  "pk": "53d666bf-8985-4fc1-930b-41336e6e593c",
  "fields": {
    "title": "Water Detection Query",
    "description": "None",
    "execution_start": "2019-04-02T18:55:50.683Z",
    "execution_end": "2019-04-02T18:55:54.166Z",
    "area_id": "ghana",
    "satellite": 1,
    "time_start": "2015-06-06",
    "time_end": "2016-06-06",
    "latitude_min": 8.377,
    "latitude_max": 8.4742,
    "longitude_min": -2.2809,
    "longitude_max": -2.2331,
    "pixel_drill_task": false,
    "complete": true,
    "pixel_count": 64258,
    "clean_pixel_count": 64258,
    "percentage_clean_pixels": 100.0,
    "acquisition_list": "05/20/2016,05/04/2016,04/02/2016,03/17/2016,02/14/2016,01/29/2016,01/13/2016,12/28/2015,12/12/2015,11/26/2015,11/10/2015,10/25/2015,08/06/2015",
    "clean_pixels_per_acquisition": "48674,34391,52846,8269,28276,17721,53584,18272,53382,54446,54414,0,5246",
    "clean_pixel_percentages_per_acquisition": "75.74776681502692,53.52018425721311,82.24034361480282,12.868436614896199,44.00385944162595,27.57788913442684,83.388838743814,28.435369915030034,83.0744809984749,84.73030595412244,84.68050670733605,0.0,8.163964020044197",
    "status": "OK",
    "message": "All products have been generated. Your result will be loaded on the map.",
    "scenes_processed": 13,
    "total_scenes": 13,
    "result_path": "/datacube/ui_results/water_detection/53d666bf-8985-4fc1-930b-41336e6e593c/water_percentage.png",
    "query_type": 1,
    "animated_product": 0,
    "water_pixels_per_acquisition": "7677,3027,14493,0,12148,0,28526,3,30511,31796,31531,0,13",
    "water_observations_path": "/datacube/ui_results/water_detection/53d666bf-8985-4fc1-930b-41336e6e593c/water_observations.png",
    "clear_observations_path": "/datacube/ui_results/water_detection/53d666bf-8985-4fc1-930b-41336e6e593c/clear_observations.png",
    "plot_path": "/datacube/ui_results/water_detection/53d666bf-8985-4fc1-930b-41336e6e593c/plot_path.png",
    "animation_path": "",
    "data_path": "/datacube/ui_results/water_detection/53d666bf-8985-4fc1-930b-41336e6e593c/data_tif.tif",
    "data_netcdf_path": "/datacube/ui_results/water_detection/53d666bf-8985-4fc1-930b-41336e6e593c/data_netcdf.nc"
  }
},
{
  "model": "water_detection.waterdetectiontask",
  "pk": "6f0ebd62-dddc-48d7-93dc-50173f126447",
  "fields": {
    "title": "Water Detection Query",
    "description": "None",
    "execution_start": "2019-04-02T18:56:16.561Z",
    "execution_end": "2019-04-02T18:56:21.789Z",
    "area_id": "ghana",
    "satellite": 1,
    "time_start": "2015-06-06",
    "time_end": "2016-06-06",
    "latitude_min": 8.377,
    "latitude_max": 8.4742,
    "longitude_min": -2.2809,
    "longitude_max": -2.2331,
    "pixel_drill_task": false,
    "complete": true,
    "pixel_count": 64258,
    "clean_pixel_count": 64258,
    "percentage_clean_pixels": 100.0,
    "acquisition_list": "05/20/2016,05/04/2016,04/02/2016,03/17/2016,02/14/2016,01/29/2016,01/13/2016,12/28/2015,12/12/2015,11/26/2015,11/10/2015,10/25/2015,08/06/2015",
    "clean_pixels_per_acquisition": "48674,34391,52846,8269,28276,17721,53584,18272,53382,54446,54414,0,5246",
    "clean_pixel_percentages_per_acquisition": "75.74776681502692,53.52018425721311,82.24034361480282,12.868436614896199,44.00385944162595,27.57788913442684,83.388838743814,28.435369915030034,83.0744809984749,84.73030595412244,84.68050670733605,0.0,8.163964020044197",
    "status": "OK",
    "message": "All products have been generated. Your result will be loaded on the map.",
    "scenes_processed": 13,
    "total_scenes": 13,
    "result_path": "/datacube/ui_results/water_detection/6f0ebd62-dddc-48d7-93dc-50173f126447/water_percentage.png",
    "query_type": 1,
    "animated_product": 2,
    "water_pixels_per_acquisition": "7677,3027,14493,0,12148,0,28526,3,30511,31796,31531,0,13",
    "water_observations_path": "/datacube/ui_results/water_detection/6f0ebd62-dddc-48d7-93dc-50173f126447/water_observations.png",
    "clear_observations_path": "/datacube/ui_results/water_detection/6f0ebd62-dddc-48d7-93dc-50173f126447/clear_observations.png",
    "plot_path": "/datacube/ui_results/water_detection/6f0ebd62-dddc-48d7-93dc-50173f126447/plot_path.png",
    "animation_path": "/datacube/ui_results/water_detection/6f0ebd62-dddc-48d7-93dc-50173f126447/animation.gif",
    "data_path": "/datacube/ui_results/water_detection/6f0ebd62-dddc-48d7-93dc-50173f126447/data_tif.tif",
    "data_netcdf_path": "/datacube/ui_results/water_detection/6f0ebd62-dddc-48d7-93dc-50173f126447/data_netcdf.nc"
  }
},
{
  "model": "water_detection.waterdetectiontask",
  "pk": "8c0ba232-8666-40d3-a1ba-73ef34319441",
  "fields": {
    "title": "Water Detection Query",
    "description": "None",
    "execution_start": "2019-04-02T18:41:28.515Z",
    "execution_end": "2019-04-02T18:41:33.075Z",
    "area_id": "ghana",
    "satellite": 1,
    "time_start": "2015-06-06",
    "time_end": "2016-06-06",
    "latitude_min": 8.3758,
    "latitude_max": 8.4207,
    "longitude_min": -2.3297,
    "longitude_max": -2.2844,
    "pixel_drill_task": false,
    "complete": true,
    "pixel_count": 28392,
    "clean_pixel_count": 28392,
    "percentage_clean_pixels": 100.0,
    "acquisition_list": "05/20/2016,05/04/2016,04/02/2016,03/17/2016,02/14/2016,01/29/2016,01/13/2016,12/28/2015,12/12/2015,11/26/2015,11/10/2015,10/25/2015,08/06/2015",
    "clean_pixels_per_acquisition": "24650,19569,24669,18291,24165,0,24246,0,24525,24645,24604,0,0",
    "clean_pixel_percentages_per_acquisition": "86.82023105100028,68.92434488588334,86.88715131022823,64.42307692307692,85.11200338123415,0.0,85.39729501267963,0.0,86.3799661876585,86.80262045646661,86.65821358129051,0.0,0.0",
    "status": "OK",
    "message": "All products have been generated. Your result will be loaded on the map.",
    "scenes_processed": 13,
    "total_scenes": 13,
    "result_path": "/datacube/ui_results/water_detection/8c0ba232-8666-40d3-a1ba-73ef34319441/water_percentage.png",
    "query_type": 1,
    "animated_product": 1,
    "water_pixels_per_acquisition": "21778,17920,24646,17923,24165,0,24246,0,24525,24645,24604,0,0",
    "water_observations_path": "/datacube/ui_results/water_detection/8c0ba232-8666-40d3-a1ba-73ef34319441/water_observations.png",
    "clear_observations_path": "/datacube/ui_results/water_detection/8c0ba232-8666-40d3-a1ba-73ef34319441/clear_observations.png",
    "plot_path": "/datacube/ui_results/water_detection/8c0ba232-8666-40d3-a1ba-73ef34319441/plot_path.png",
    "animation_path": "/datacube/ui_results/water_detection/8c0ba232-8666-40d3-a1ba-73ef34319441/animation.gif",
    "data_path": "/datacube/ui_results/water_detection/8c0ba232-8666-40d3-a1ba-73ef34319441/data_tif.tif",
    "data_netcdf_path": "/datacube/ui_results/water_detection/8c0ba232-8666-40d3-a1ba-73ef34319441/data_netcdf.nc"
  }
},
{
  "model": "water_detection.waterdetectiontask",
  "pk": "95e8c5c7-17a6-418d-8b80-3ff6f22cebe2",
  "fields": {
    "title": "Water Detection Query",
    "description": "None",
    "execution_start": "2019-04-01T18:57:09.863Z",
    "execution_end": "2019-04-01T18:57:20.527Z",
    "area_id": "ghana",
    "satellite": 1,
    "time_start": "2015-06-06",
    "time_end": "2016-06-06",
    "latitude_min": 9.1861,
    "latitude_max": 9.6453,
    "longitude_min": -3.5863,
    "longitude_max": -3.2073,
    "pixel_drill_task": false,
    "complete": true,
    "pixel_count": 2398935,
    "clean_pixel_count": 2398935,
    "percentage_clean_pixels": 100.0,
    "acquisition_list": "05/20/2016,05/04/2016,04/02/2016,03/17/2016,02/14/2016,01/29/2016,01/13/2016,12/28/2015,12/12/2015,11/26/2015,11/10/2015,10/25/2015,08/06/2015",
    "clean_pixels_per_acquisition": "14722,34556,13035,0,42374,10914,79997,39842,42771,25989,25195,11739,0",
    "clean_pixel_percentages_per_acquisition": "0.6136889911564923,1.4404725430243004,0.5433661187151798,0.0,1.7663671587600331,0.4549518848989239,3.334688101178231,1.6608203223513767,1.782916169050016,1.0833557391092297,1.050257718529264,0.4893421455770998,0.0",
    "status": "OK",
    "message": "All products have been generated. Your result will be loaded on the map.",
    "scenes_processed": 13,
    "total_scenes": 13,
    "result_path": "/datacube/ui_results/water_detection/95e8c5c7-17a6-418d-8b80-3ff6f22cebe2/water_percentage.png",
    "query_type": 1,
    "animated_product": 0,
    "water_pixels_per_acquisition": "0,0,0,0,0,0,0,0,0,1,0,0,0",
    "water_observations_path": "/datacube/ui_results/water_detection/95e8c5c7-17a6-418d-8b80-3ff6f22cebe2/water_observations.png",
    "clear_observations_path": "/datacube/ui_results/water_detection/95e8c5c7-17a6-418d-8b80-3ff6f22cebe2/clear_observations.png",
    "plot_path": "/datacube/ui_results/water_detection/95e8c5c7-17a6-418d-8b80-3ff6f22cebe2/plot_path.png",
    "animation_path": "",
    "data_path": "/datacube/ui_results/water_detection/95e8c5c7-17a6-418d-8b80-3ff6f22cebe2/data_tif.tif",
    "data_netcdf_path": "/datacube/ui_results/water_detection/95e8c5c7-17a6-418d-8b80-3ff6f22cebe2/data_netcdf.nc"
  }
}
]
